name,author,tag1,tag2,tag3
The Girl From Ipanema,Astrud Gilberto,Bossa Nova,Jazz,Samba
Gloomy Flash (feat. mami),Zekk & poplavor,Electronic,Trap,Future Bass
INVISIBLE,Duran Duran,New Wave,Synthpop,Alternative Rock
Work This Time,flightless,Psychedelic Rock,Garage Rock,Indie Rock
Ğ½ĞµÑ€Ğ²Ñ‹,Ğ½ĞµÑ€Ğ²Ñ‹,Russian Rock,Alternative,Post-Punk
Dust,M.O.O.N.,Synthwave,Electronic,Ambient
Ocb (sp4k Remix),Boulevard Depo,Hip Hop,Rap,Russian Hip Hop
Hollowheart ft. Amy Millan,Porter Robinson,Electronic,House,Indie
Only Time,Enya,New Age,Ambient,Chillout
Orinoco Flow (2009 Remaster),Enya,New Age,Ambient,World
Sex ParanoÃ¯a,Goldie Boutilier,Synthpop,Pop,Indie Pop
EASY PEAZY,ROMANTICA & Lestmor,Electronic,Indie Pop,Chillwave
ğ”¸ğ•Ÿğ•šğ•ğ•’ğ• ğ•€ ğ•™ğ•’ğ•§ğ•– ğ•“ğ•–ğ•”ğ• ğ•ğ•– (ğ¬ğ¥ğ¨ğ°ğğ),ğ‘»ğ’‰ğ’“ğ’†ğ’† ğ‘«ğ’‚ğ’šğ’” ğ‘®ğ’“ğ’‚ğ’„ğ’†,Alternative Rock,Post-Grunge,Rock
INDIGO,NXCRE & The Villains,Trap,Alternative Hip Hop,Electronic
we are the people - empire of the sun(sped up+reverb),notamaincharacter,Alternative,Indie Rock,Electropop
Underwater Sun,SIDEWALKS AND SKELETONS,Electronic,Witch House,Dreamwave
char (slowed + reverb),crystal castles,Electronic,Noise,Experimental
EXORCISM [NEW ALBUM OUT NOW!!],Sidewalks and Skeletons,Witch House,Electronic,Ambient
4am,soft siren,Dream Pop,Chillwave,Indie Pop
In Heaven Together,bbragui,Synthpop,Dream Pop,Indie
Final Wish,ooxygen,Dream Pop,Indie Pop,Electronic
Dawn Chorus,Boards of Canada,Ambient,Electronic,IDM
Gazin',Ringo Deathstarr,Shoegaze,Dream Pop,Psychedelic Rock
White Light,Sidewalks And Skeletons,Electronic,Witch House,Dreamwave
Blank [NCS Release],Disfigure,Electronic,House,Dance
I Follow Rivers,Lykke Li,Indie Pop,Electronic,Alternative
HARUKO,Crystal Cola,Future Funk,Chillwave,Vaporwave
On My Way,Rosentwig,Electronic,Indie Pop,Ambient
Orion,Crystal Cola,Future Funk,Chillwave,Electronic
Take Off!,A.L.I.S.O.N,Electronic,Synthwave,Chillwave
Seaside Cocktail,Crystal Cola,Future Funk,Chillwave,Electronic
Buba,FindMyName,Indie Rock,Indie Pop,Alternative
Short Circuit,A.L.I.S.O.N & Rosentwig,Synthwave,Electronic,Ambient
Whole Ride (Feat. Nosgov),Hiko Momoji & Nova,Trap,Cloud Rap,Alternative Hip Hop
utsukushi yume no yume,Rory in early 20s,Indie,Experimental,Dream Pop
Iwakura,Iwakura,Electronic,Experimental,Ambient
you're my friend now (w/ DXRKWRLD),usedcvnt,Hyperpop,Alternative,Trap
limited in love (w/ AKIBA),usedcvnt,Hyperpop,Indie Pop,Trap
e e e e,wiv,Experimental,Electronic,Ambient
Serial Experiments Lain - Cyberia Theme,Chief Bubba,Electronic,IDM,Ambient
lain,23arms,Ambient,Electronic,Experimental
Magic (feat. Kristine),FM Attack,Synthwave,Dreamwave,Electronic
ĞšĞ¾Ğ»ĞµÑ,plenka,Indie Rock,Russian Rock,Lo-fi
Ğ”Ñ‘Ğ³Ğ¾Ñ‚ÑŒ,Palina,Indie Pop,Singer-Songwriter,Alternative
Don't Count,Knerv,Indie Rock,Garage Rock,Alternative
Ğ›ĞĞ¨ĞĞš ( LAPTI prod. ),ĞŸĞ°ÑˆĞ° Ğ¢ĞµÑ…Ğ½Ğ¸Ğº,Russian Hip Hop,Trap,Alternative Hip Hop
Ğ¡ĞŸĞĞ¡ĞĞ•Ğ¢ ĞŸĞĞ ĞĞĞĞ¯ ( CLICK MONSTAH prod. ),ĞŸĞ°ÑˆĞ° Ğ¢ĞµÑ…Ğ½Ğ¸Ğº,Russian Hip Hop,Alternative,Trap
ĞÑ…ÑƒĞµĞ½Ğ½Ğ¾ ĞšĞ¾Ğ³Ğ¾-ĞĞ¸Ğ±ÑƒĞ´ÑŒ Ğ£Ğ±Ğ¸Ñ‚ÑŒ ( feat. The Chemodan Clan ),ĞŸĞ°ÑˆĞ° Ğ¢ĞµÑ…Ğ½Ğ¸Ğº,Russian Hip Hop,Gangsta Rap,Alternative
15) ĞŸĞ¾Ñ‘Ñ‚Ğµ Ğ¢Ğ°Ğº Ğ¡ĞµĞ±Ğµ v.2.0 (Ğ¿Ñ€Ğ¸ ÑƒÑ‡. ĞŸĞ°ÑˆĞ° Ğ¢ĞµÑ…Ğ½Ğ¸Ğº),SpaceCave,Russian Hip Hop,Trap,Alternative
00Ğµ,Ğ£Ğ±Ğ¸Ğ¹Ñ†Ñ‹,Russian Rock,Alternative,Post-Punk
âœ§ ÑƒĞ±Ğ¸Ğ¹Ñ†Ñ‹ - ÑĞ°Ğ¼Ğ¾Ğ´Ğ¸Ğ°Ğ³Ğ½Ğ¾Ğ·Ñ‹ âœ§,hanagasumi,Post-Punk,Experimental,Indie Rock
comecloser,Eliminate*,Dubstep,Bass,Electronic
divine,Eery,Electronic,Alternative,Indie
Stabilisers For Big Boys,Panchiko,Indie Rock,Alternative,Lo-fi
D>E>A>T>H>M>E>T>A>L,Panchiko,Indie Rock,Alternative,Lo-fi
ĞŸĞ­â„–90 : ĞĞ»-90,BPAĞ“,Post-Punk,Alternative,Indie Rock
Ğ¡ĞµĞºÑ€ĞµÑ‚Ğ°Ñ€ÑˆĞ°,Ğ£Ğ±Ğ¸Ğ¹Ñ†Ñ‹,Russian Rock,Post-Punk,Alternative
Ğ”Ğ¸Ğ½Ğ°Ğ¼Ğ¾,Ğ£Ğ±Ğ¸Ğ¹Ñ†Ñ‹,Russian Rock,Post-Punk,Alternative
V Limo (New Donk Shitty),Bill Kiley,Electronic,Ambient,Chillwave
Worst Neighbors Ever,Bill Kiley,Electronic,Ambient,Chillwave
Ğ“Ñ€ÑƒÑÑ‚ÑŒ,uncle pecos,Indie Rock,Post-Punk,Alternative
welcome 2 night city,K!LL,Electronic,Synthwave,Dreamwave
accident prone *OUT ON SPOTIFY*,ryuk,Hyperpop,Trap,Cloud Rap
Leave by Whirr lq + slowed,â€,Shoegaze,Indie Rock,Dream Pop
Lobby Lounge Theme,Warren Grugett,Lo-fi,Ambient,Chillhop
Sleepwalker,akiaura & LONOWN & STM,Electronic,Indie Pop,Lo-fi
I LOVE YOU HOE (Purnell Media Solutions Collective Edition),Odetari X 9lives,Hip Hop,Trap,Cloud Rap
FASHION (SPEED UP),Britney Manson,Pop,Dance,Electronic
#BROOKLYNBLOODPOP!,syko,Hyperpop,Electronic,Pop
Sparks - Coldplay,Mac Levine,Alternative Rock,Britpop,Indie
GGW,Cheech,Lo-fi,Chillhop,Indie
A Fighting Chance,The Post Sips,Indie Rock,Alternative,Garage Rock
ÑĞ°Ğ¼Ğ°Ñ ĞºĞ»Ñ‘Ğ²Ğ°Ñ Ñ‚Ñ‘Ğ»ĞºĞ° Ğ² ÑˆĞºĞ¾Ğ»Ğµ,ĞŸĞ¾ÑˆĞ»Ğ°Ñ ĞœĞ¾Ğ»Ğ»Ğ¸,Synth Punk,Punk Rock,Alternative
Or You Will Nuke Possum Springs,â˜» â˜¼ï¸âœŒï¸âœ‹ï¸â˜ ï¸ âšï¸ â˜ ï¸ ğŸ’£ï¸âšï¸â˜ ï¸ğŸ‘ï¸âœŒï¸âœ¡ï¸ğŸ’§ï¸ â˜»,Experimental,Noise,Electronic
IVOXYGEN -Urban Melody,.angel,Indie Pop,Electronic,Chillwave
someday by the uchpochmack,regiibk,Indie,Alternative,Experimental
BLACKOUT,KoruSe & CHMCL SOUP,Electronic,Trap,Alternative
vvalleys - scars (remix adli),iwanttobeehappy,Indie Pop,Chillwave,Electronic
Slime & Sword,5admin,Electronic,Ambient,Indie
Mujuice â€“ Underground,ÆŠĞ„stroÄªÄãƒ…,Electronic,Experimental,Ambient
Kunteiynir-ĞšĞ°ÑÑĞ¸Ñ€ Ğ²Ğ¾ Fred Perry,Yurii Vovk,Russian Hip Hop,Trap,Alternative
18:45:54,Kunteynir,Russian Hip Hop,Gangsta Rap,Trap
Ğ’ ĞœĞĞ Ğ¨Ğ Ğ£Ğ¢ĞšĞ• Ğ¨ĞĞĞ¡ĞĞ,KUNTEYNIR / Ğ ĞĞ¡ĞšĞĞ›Ğ¬ĞĞ˜ĞšĞĞ’,Russian Hip Hop,Trap,Alternative
Evade ( Free Download ),Emil Rottmayer,Synthwave,Electronic,Chillwave
Southbound,Lucy in Disguise,Synthwave,Chillwave,Electronic
Emerge - Fischerspooner (Daft Punk mix),Herb the French,Electronic,House,Dance
You Are My High (Vitalic Remix),DEMON,Electronic,Dance,House
Kunteynir â€“ ĞĞ»ÑŒĞ³Ğ° ĞœĞ°Ñ€ĞºĞ¾Ğ²Ğ½Ğ°,omgpewpower,Russian Hip Hop,Gangsta Rap,Trap
Dimanche Soir (feat. ACE),Lucas de Gastines,Indie,Chillwave,Electronic
ĞšĞ¸Ğ½Ğ¾ - Ğ“Ñ€ÑƒĞ¿Ğ¿Ğ° ĞºÑ€Ğ¾Ğ²Ğ¸,Dimitri Liparteliani,Russian Rock,Post-Punk,Alternative
On Melancholy Hill,Everything Gorillaz - P3,Alternative Rock,Indie Rock,Electronic
Ğ¡Ğ»ĞµĞ´Ğ¸ Ğ·Ğ° ÑĞ¾Ğ±Ğ¾Ğ¹,KinoCoj,Russian Rock,Post-Punk,Alternative
Ğ—Ğ°ĞºÑ€Ğ¾Ğ¹ Ğ·Ğ° Ğ¼Ğ½Ğ¾Ğ¹ Ğ´Ğ²ĞµÑ€ÑŒ, Ñ ÑƒÑ…Ğ¾Ğ¶Ñƒ,KinoCoj,Russian Rock,Post-Punk,Alternative
ĞĞ¿Ñ€ĞµĞ»ÑŒ,KinoCoj,Russian Rock,Post-Punk,Alternative
Ğ—Ğ²ĞµĞ·Ğ´Ğ° Ğ¿Ğ¾ Ğ¸Ğ¼ĞµĞ½Ğ¸ Ğ¡Ğ¾Ğ»Ğ½Ñ†Ğµ,KinoCoj,Russian Rock,Post-Punk,Alternative
The Hellp - Sinamen,xxxtalll,Electronic,Noise,Experimental
Tu Tu Neurotic (First Edition. Rare) By The Hellp,CorpseCycle,Noise,Experimental,Electronic
TIMURKA BITS - Ğ”Ğ˜Ğ¡Ğ¡ ĞĞ ĞšĞĞŸĞĞ’,Ğ˜Ğ²Ğ°Ğ½Ğ¾Ğ² Ğ­Ğ´Ğ¸Ğº,Russian Hip Hop,Trap,Gangsta Rap
The Hellp - 4up7up,Terrible Records,Electronic,Noise,Experimental
The Hellp - feel NY,The Hellp,Noise,Experimental,Electronic
the hellp - hotfun 22 (demo),xxxtalll,Noise,Electronic,Experimental
TyttÃ¶ ep,Tomppabeats,Lo-fi Hip Hop,Chillhop,Indie
SHADOW LADY,PORTWAVE,Electronic,Future Funk,Chillwave
Linkin Park - Faint,Juraj BaÄÃ­k,Alternative Rock,Nu Metal,Post-Grunge
Unwound (ft. andy shand),ADMO,Indie Rock,Post-Rock,Alternative
WEEDJIE - SOS,WEEDJIE(Ğ’Ğ¸Ğ”Ğ¶Ğ¸),Electronic,Indie,Experimental
cold & lonely,LovelySharkPlush,Lo-fi,Chillwave,Dream Pop
warmth,LovelySharkPlush,Lo-fi,Chillwave,Dream Pop
C418 - Thunderbird,nollman (Ã¤t bajs),Electronic,Ambient,Chillwave
Ğ—Ğ°ĞºÑ€Ñ‹Ñ‚Ñ‹Ğ¹ ĞŸÑ€Ğ¾Ñ„Ğ¸Ğ»ÑŒ,Vlone,Russian Rock,Alternative,Indie Rock
Timeline,HiÃ©rophante,Indie Pop,Electronic,Chillwave
Ğ£Ğ±ĞµĞ¹ Ğ¼ĞµĞ½Ñ Ğ­Ğ¹Ñ - "LSD" daycore/slowed/down up,ĞšĞ¸ÑĞ¾ĞºĞ¾,Electronic,Slowed,Alternative
Trance - 009 Sound System Dreamscape,Maximojaimes,Trance,Electronic,Dance
Windows95,BONES,Indie Rock,Alternative,Experimental
DIE ANTWOORD - BANANA BRAIN,Prosmash,Electronic,Rave,Alternative Hip Hop
Ğ²Ğ¸Ñ‚ĞµĞ±ÑĞº-Ñ‚Ğ°Ğ»Ğ»Ğ¸Ğ½,superkomfort,Electronic,Experimental,Indie
Ğ’Ğ¾Ğ»Ğ»Ğ½Ñ‹ - Ğ’Ğ¾Ğ»Ğ½Ñ‹,â—ğ•ºğ–ˆğ–ˆğ–›ğ–‘ğ–™-ğ•±ğ–”ğ–—ğ–Šğ–˜ğ–™â—,Electronic,Alternative,Ambient
Ğ’Ğ¾Ğ»Ğ»Ğ½Ñ‹ â€“ Ğ¢ĞµĞ±Ñ Ğ½ĞµÑ‚ Ñ€ÑĞ´Ğ¾Ğ¼,ithelps,Alternative,Electronic,Indie
Something,RecLab,Indie Rock,Alternative,Indie Pop
Ğ—Ğ°ĞºĞ»Ğ°Ğ´ĞºĞ°,Ploho,Russian Rock,Post-Punk,Alternative
Ğ’ĞµÑ€Ğ° Ğ² Ğ¿Ñ€ĞµĞºÑ€Ğ°ÑĞ½Ğ¾Ğµ,Ploho,Russian Rock,Post-Punk,Alternative
Ğ¡Ñ‚Ñ€Ğ°Ğ½Ğ° Ğ”ÑƒÑ€Ğ°ĞºĞ¾Ğ²,Ploho,Russian Rock,Post-Punk,Alternative
ĞœĞ¾Ğ»Ğ¾Ğ´Ğ¾ÑÑ‚ÑŒ,Ploho,Russian Rock,Post-Punk,Alternative
Riders On The Storm,The Doors,Classic Rock,Blues Rock,Psychedelic Rock
Fade Into You,Mazzy Star (Official),Dream Pop,Indie Rock,Alternative
Sail - Mareux,Vivian,Doomer Music,Post-Punk,Alternative
ĞœĞ¾Ğ¹ Ğ´Ñ€ÑƒĞ³ Ğ¿Ğ¾Ğ´ ĞºĞ¸ÑĞ»Ğ¾Ñ‚Ğ¾Ğ¹,wpcwe,Alternative,Indie Rock,Post-Punk
Ğ”Ñ‹Ñ…Ğ°Ğ½Ğ¸Ğµ,PRIRODA,Indie Rock,Post-Punk,Alternative
ĞœĞ°Ğ³Ğ½Ğ¸Ñ‚,Ğ¨Ğ«Ğ¨Ğ,Russian Rock,Indie Rock,Post-Punk
InStyle,Cheech,Lo-fi,Chillhop,Indie
My Existence Afterparty,Gazellefangs,Indie Rock,Dream Pop,Indie Pop
Ğ‘ĞĞ¡Ğ« Ğ”ĞĞ›Ğ‘Ğ¯Ğ¢,SOSKA 69,Electronic,Trap,Bass
Ğ’ Ğ°ĞºĞ²Ğ°Ğ¿Ğ°Ñ€ĞºĞµ,KUNTEYNIR,Russian Hip Hop,Gangsta Rap,Trap
Ğ•Ñ‘ Ğ²Ğ¸Ğ½Ğ¾Ğ¹,ĞœĞ°ĞºÑ ĞšĞ¾Ñ€Ğ¶,Russian Pop,Rap,Alternative
ĞœĞ°ĞºÑ ĞšĞ¾Ñ€Ğ¶ - Ğ¡Ñ‚Ğ¸Ğ»ĞµĞ²Ğ¾,ĞœĞ°ĞºÑ ĞšĞ¾Ñ€Ğ¶,Russian Pop,Rap,Alternative
Ğ¡Ğ¾Ğ¶Ğ¶ĞµĞ½Ñ‹,ĞœĞ°ĞºÑ ĞšĞ¾Ñ€Ğ¶,Russian Pop,Rap,Alternative
Ğ“Ğ¾Ñ€Ñ‹ Ğ¿Ğ¾ ĞºĞ¾Ğ»ĞµĞ½Ğ¾,ĞœĞ°ĞºÑ ĞšĞ¾Ñ€Ğ¶,Russian Pop,Rap,Alternative
Ã¸neheart x reidenshi - snowfall (slowed reverb),Vezal & Reidenshi,Electronic,Chillwave,Dream Pop
SCRIPTZ x JON T - PALE HORSE,jon t,Trap,Alternative,Cloud Rap
I Heard You Like Polyrhythms,Pumawesome,Experimental,Indie,Alternative
Good Morning (PROD. Nikblor),Baby Jayy,Indie Pop,Chillwave,Lo-fi
Carpenter Brut - Le Perv (30% Slower),big_bucks,Synthwave,Electronic,Retrowave
Le Perv,Carpenter Brut,Synthwave,Electronic,Retrowave
Rapp Snitch Knishes (Live Instrumental) (Cover),OMA,Hip Hop,Instrumental,Live
The Do - Slippery Slope (Vitalic Remix),Vitalic Official,Electronic,Dance,House
Chikoi The Maid - Returnal,Alter3030,Chiptune,Electronic,Indie
Went Thru It,Young Thug,Hip Hop,Trap,Alternative
good loyal thots  ODETARI instrumental  slowed  louder,zankoqqe,Hyperpop,Trap,Electronic
Bag Raiders - Shooting Stars (Slowed),Brado,Electronic,Indie,Chillwave
ï¼³ ï¼¹ ï¼® ï¼¡ ï¼° ï¼³ ï¼¥,ANGEL CANNON,Electronic,Indie,Experimental
ğ”¢ğ”ªğ”Ÿğ”¯ğ”ğ” ğ”¢ (ğ”°ğ”©ğ”¬ğ”´ğ”¢ğ”¡),lil nikki ^^,Alternative,Indie Rock,Slowed
Resonance x Genesis x Not Allowed (Slowed + Reverb),Tony_Sğ’‰­,Slowed,Reverb,Electronic
M.U.S.I.C (SymbolOne Remix),SymbolOne,Electronic,Dance,House
Magna - Divide (Hotline Miami 2 : Wrong Number OST),Magna,Synthwave,Electronic,Chiptune
Variation of "Ode" (Frozen City B) - Nuclear Throne,Splattie,Chiptune,Electronic,Indie
Nuclear Throne OST- Frozen City Theme B Extended,Roll20musicpls,Chiptune,Electronic,Indie
Sh Boom Life Could Be a Dream,The Chordettes,Oldies,Pop,Doo-Wop
Kittycuts,Medoi The Maid & Akui The Maid,Electronic,Hyperpop,Experimental
just one sec,Eery,Indie,Electronic,Alternative
thinkaboutit,Eliminate*,Bass,Electronic,Dubstep
She Swallowed Burning Coals,EL TIGR3,Electronic,Experimental,Noise
L'AMOUR ET LA VIOLENCE (Boys Noize Euro mix),marc9132,Electronic,Dance,House
Black Racers ( Mother Russia Bleeds soundtrack ),Fixions,Synthwave,Electronic,Chiptune
Plug in Baby Rearranged and Remastered,The Flame,Alternative Rock,Indie Rock,Post-Grunge
Etienne De Crecy Featuring Camille - Someone Like You (Fast Track Vocal Mix),Carol Olguin,Electronic,House,Dance
The Past -Vitalic (remix Par OrÃ©),ORE / ERO,Electronic,Dance,House
sidewalks and skeletons - goth [slowed],Ruski,Electronic,Witch House,Slowed
ĞŸĞµÑ€ĞµĞ´Ğ°Ğ¹ (feat. ĞŸĞ°ÑˆĞ° Ğ¢ĞµÑ…Ğ½Ğ¸Ğº & Ğ“Ñ€Ğ°Ğ´Ğ¸),AVEGA,Russian Hip Hop,Trap,Gangsta Rap
Ğ’ĞµĞ¹Ğ¿-Ğ’ĞµĞ¹Ğ¿-Ğ’ĞµĞ¹Ğ¿ ft. Ğ›Ğ¡ĞŸ, Young P&H, Ğ­ĞŸĞŸ, Ğ—Ğ°ĞµĞ±Ğ°Ñ‚ÑÑƒ, Ğ‘ÑƒĞºĞµÑ€ Ğ”. Ğ¤Ñ€ĞµĞ´,Ğ¥ĞĞ Ğ—ĞĞœĞĞ™ & Ğ¡Ğ›ĞĞ’Ğ ĞšĞŸĞ¡Ğ¡,Russian Hip Hop,Trap,Alternative
SPIT IN MY FACE!,Juicewrldd4L_2,Hip Hop,Trap,Cloud Rap
Scythe,Deadcrow,Electronic,Trap,Alternative
joji die for you but it's 2:23am,its.eddie,Indie,Alternative,Experimental
She Loves Only Him,Cinnamon Chasers,Synthwave,Chillwave,Electronic
SMSOU w/ Frost Children,Eliminate*,Hyperpop,Electronic,Experimental
EGOTRIP,Eliminate*,Hyperpop,Electronic,Experimental
â™¡~Always Forever// Cults -,Bxtmxn,Indie Pop,Dream Pop,Lo-fi
Untitled #13 - Glwzbll (slowed),tom,Electronic,Experimental,Slowed
Dawn w/ Flux Pavilion (Feat. meesh),Eliminate*,Bass,Dubstep,Electronic
Ğ’ÑĞµĞ»ĞµĞ½Ğ½Ğ°Ñ Ğ±ĞµÑĞºĞ¾Ğ½ĞµÑ‡Ğ½Ğ°?,Noize MC,Russian Rock,Alternative,Indie
Ğ‘Ğ¾Ğ»ÑŒÑˆĞµ Ğ´ĞµĞ½ĞµĞ³,Ğ›Ğ¡ĞŸ,Russian Hip Hop,Alternative,Trap
Tek It,CafunÃ©,Indie Pop,Electronic,Alternative
Gameplay Theme 7,Warren Grugett,Chillhop,Electronic,Ambient
Gameplay Theme 5,Warren Grugett,Chillhop,Electronic,Ambient
I Watch The Moon,Heimanu,Indie Pop,Electronic,Dream Pop
SimpsonWave1995,FrankJavCee,Electronic,Vaporwave,Chillwave
ĞŸĞ¾Ğ¶Ğ°Ğ»ÑƒĞ¹ÑÑ‚Ğ°, Ñ‚Ğ¾Ğ»ÑŒĞºĞ¾ Ğ½Ğµ Ğ´Ğ¾Ğ¼Ğ¾Ğ¹,ĞĞ²Ñ‚Ğ¾ÑĞ¿Ğ¾Ñ€Ñ‚,Russian Rock,Indie Rock,Lo-fi
CHERNOBURKV - POCHEMU,lxnaya,Indie Rock,Alternative,Lo-fi
ash,633397,Indie Pop,Lo-fi,Dream Pop
Fire Island & Billy Shakes,The Symposium,Indie Rock,Alternative,Garage Rock
Luv Deluxe,Cinnamon Chasers,Synthwave,Chillwave,Electronic
Sak Noel - Loca People (Explicit Radio Edit),3BEAT,Electronic,Dance,House
Ğ’Ğ¸ĞºÑ‚Ğ¾Ñ€ Ğ¦Ğ¾Ğ¹ - Ğ¡Ğ¿Ğ¾ĞºĞ¾Ğ¹Ğ½Ğ°Ñ Ğ½Ğ¾Ñ‡ÑŒ (slowed + reverbed version),zzzavani,Russian Rock,Post-Punk,Slowed
Ğ£Ğ»Ğ¸Ñ†Ğ° Ğ’Ğ¾ÑÑ‚Ğ¾Ğº - Ğ¡Ğ½Ğ¾Ğ²Ğ° ĞŸÑ€Ğ¸Ğ²ĞµÑ‚( feat. ĞœĞĞ ĞĞ˜Ğ™),ÑƒĞ»Ğ¸Ñ†Ğ° Ğ²Ğ¾ÑÑ‚Ğ¾Ğº,Russian Rock,Indie Rock,Alternative
around,Modulogeek,Indie Rock,Chillwave,Electronic
your face (you look at me the same but I can't reciprocate),ğ™·ğš˜ğš›ğšğš”ğš˜_,Electronic,Experimental,Ambient
Slowed caramelldansen from another room,Ren | Mothie >:l,Electronic,Slowed,Experimental
Teen Pregnancy,Blank Banshee,Vaporwave,Electronic,Chillwave
Ğ¡ĞĞ›Ğ¬ Ğ˜ Ğ¡ĞŸĞĞ Ğ¢,DJ ĞŸĞ•Ğ Ğ•ĞšĞ Ğ«Ğ¢,Russian Hip Hop,Trap,Alternative
Dramarama- Anything, Anything,lulub78,Alternative Rock,Post-Punk,Indie
Paradise,VMacbeth,Indie Rock,Alternative,Dream Pop
plenka - Symptoms,cluboviy,Indie Rock,Alternative,Russian Rock
Ğ‘Ñ€Ğ°Ğ²Ğ¾ & Ğ–Ğ°Ğ½Ğ½Ğ° ĞĞ³ÑƒĞ·Ğ°Ñ€Ğ¾Ğ²Ğ° - Ğ’ĞµÑ€Ñ Ñ,Ğ–Ğ°Ğ½Ğ½Ğ° ĞĞ³ÑƒĞ·Ğ°Ñ€Ğ¾Ğ²Ğ° Ğ¸ Ğ‘Ñ€Ğ°Ğ²Ğ¾,Russian Rock,Pop,Indie
The Bottom 2,Glorb,Indie Pop,Electronic,Chillwave
Ğ”ĞµĞ»ÑŒÑ„Ğ¸Ğ½ - Ğ›ÑĞ±Ğ¾Ğ²ÑŒ,mr.avsh,Russian Rock,Indie Rock,Alternative
Vitalic - Next I'm ready,O__KLY â„¢,Electronic,Dance,House
Akumu (UN|T Cover),Medoi The Maid,Electronic,Experimental,Indie
Vitalic â€¢ Second Lives,Vitalic,Electronic,House,Techno
Vitalic - Rave Kids Go,Vitalic,Electronic,House,Techno
Ğ Ğ°ÑÑĞ²ĞµÑ‚,ĞšĞ°ĞºĞ°Ñ Ğ Ğ°Ğ·Ğ½Ğ¸Ñ†Ğ°,Indie Rock,Russian Rock,Alternative
911,Ğ­Ğ»Ğ´Ğ¶ĞµĞ¹,Russian Hip Hop,Trap,Alternative
Styles of Beyond - Nine Thou (Slowed Perfectly),THORSUN,Electronic,Slowed,Hip Hop
Wunder King,Ğ­Ğ»Ğ´Ğ¶ĞµĞ¹,Russian Hip Hop,Trap,Alternative
Wake Up - Rage Against The Machine (Guitar Cover),nachohendrix,Alternative Rock,Post-Grunge,Indie
Sobakka (Ğ°ĞºĞ°. ĞĞ»ĞµĞ³ Ğ‘Ñ€Ğ¾Ğ²Ğ°Ñ€ÑĞºĞ¾Ğ¹) - Ğ‘ĞµĞ»ÑŒĞµ EP,Ğ’Ğ°Ğ´Ğ¸Ğ¼041,Indie Rock,Lo-fi,Alternative
Murderer,VAPIRA,Indie Rock,Alternative,Post-Punk
Suicide,moonvampire,Post-Punk,Indie Rock,Alternative
The Green Kingdom - Untitled (from 'Expanses' CD),Dronarivm,Ambient,Electronic,Indie
ĞŸĞ¾ÑĞ»ĞµĞ´Ğ½Ğ¸Ğ¹ Ğ³ĞµÑ€Ğ¾Ğ¹,KinoCoj,Russian Rock,Post-Punk,Alternative
ĞœĞµÑÑ‚Ğ¾ Ğ´Ğ»Ñ ÑˆĞ°Ğ³Ğ° Ğ²Ğ¿ĞµÑ€ĞµĞ´,KinoCoj,Russian Rock,Post-Punk,Alternative
Gouge Away,Batuhan Sen,Alternative Rock,Post-Grunge,Punk Rock
Totality,Feunix,Alternative,Indie Rock,Experimental
the neighbourhood - the beach (instrumental, slowed & muffled ),Fun Player,Indie Rock,Slowed,Alternative
snowfall w/ Ã˜neheart,reidenshi & Ã˜neheart,Electronic,Chillwave,Dream Pop
The Pixies  - Monkey Gone To Heaven (Bass),Renato Meylan,Alternative Rock,Indie Rock,Post-Punk
HEAD HANGIN LOW Feat. DNOK,Two-One,Trap,Alternative Hip Hop,Experimental
Humming Bird,Adam The Alien,Indie Pop,Folk,Experimental
I hope that u think of me,Pity Party (Girls Club),Indie Pop,Lo-fi,Dream Pop
7.SR20DET,BLKSMIITH,Electronic,Experimental,Bass
Kavinsky - Nightcall,Kavinsky,Synthwave,Electronic,Retrowave
I'M NOT THE ONE IN TROUBLE HERE,lilscarl,Indie Rock,Alternative,Experimental
I'm Here - OneShot OST,Midnight,Indie,Electronic,Instrumental
Where is my mind (Slowed),aLex!,Indie Rock,Slowed,Alternative
Pictures Of Purple Skies,Memorex Memories,Synthwave,Chillwave,Dreamwave
Dreaming About You,Target Demographic,Indie Rock,Dream Pop,Alternative
Machine Girl - Virtual Paradise (Neon White OST),Kade Chorusthorne (I STAND WITH UKRAINE),Electronic,Experimental,Bass
Sun,æ†‚é¬±,Dream Pop,Indie Rock,Lo-fi
lil peep x nirvana - beamer boy (miro),skiorly,Alternative Rock,Cloud Rap,Experimental
Aurora,oDDling,Indie Rock,Alternative,Indie Pop
separation anxiety,valentine,Indie Rock,Alternative,Post-Punk
not needed in the real world,scarmaid,Electronic,Ambient,Experimental
The Police - Every Breath You Take (Live in Montreal, Canada 1983),Worldmuzic â™¬â™ªâ™«,Classic Rock,Pop,Soft Rock
ecstacy - (slowed),SUICIDAL-IDOL,Slowed,Electronic,Alternative
Rammstein original - Ich will,Ramshtain - Ich will,Industrial Metal,Alternative Metal,Electronic
Lil Peep x Nirvana - Save That Shit (miro mashup),Andrew,Alternative Rock,Cloud Rap,Experimental
star shopping (prod. kryptik),Lil Peep,Cloud Rap,Alternative Hip Hop,Emo Rap
Metallica - Ride The Lightning,Renato Luis,Heavy Metal,Thrash Metal,Classic Rock
For Whom The Bell Tolls,Jean-francois Kryl,Heavy Metal,Thrash Metal,Classic Rock
Gal Costa E Nacao Zumbi - Barato Total,Salvadoreando,MÃºsica Popular Brasileira,Indie,Bossa Nova
Ğ˜Ñ†Ñ‹Ğº Ğ¦Ñ‹Ğ¿ĞµÑ€ feat. Ğ˜Ğ³Ğ¾Ñ€ÑŒ Ñ†Ñ‹Ğ±Ğ° - Ğ”Ñ‹Ğ¼Ğ¾Ğº.mp3,ğŸ‰ HBKğŸª¯,Russian Pop,Rap,Indie
Ğ’Ğ¾ÑÑŒĞ¼Ğ¸ĞºĞ»Ğ°ÑĞ½Ğ¸Ñ†Ğ°,KinoCoj,Russian Rock,Post-Punk,Alternative
ĞœĞ¾Ğ¸ Ğ´Ñ€ÑƒĞ·ÑŒÑ,KinoCoj,Russian Rock,Post-Punk,Alternative
ĞœÑƒÑ€Ğ°Ğ²ĞµĞ¹Ğ½Ğ¸Ğº,KinoCoj,Russian Rock,Post-Punk,Alternative
ĞœĞ°Ğ¼Ğ° ĞĞ½Ğ°Ñ€Ñ…Ğ¸Ñ,KinoCoj,Russian Rock,Post-Punk,Alternative
ĞĞ»ÑĞ¼Ğ¸Ğ½Ğ¸ĞµĞ²Ñ‹Ğµ Ğ¾Ğ³ÑƒÑ€Ñ†Ñ‹,KinoCoj,Russian Rock,Post-Punk,Alternative
The Offspring You Are Gonna Go Far Kid,TheZorgen,Punk Rock,Alternative Rock,Indie Rock
ĞšĞ¾Ğ³Ğ´Ğ° Ñ‚Ğ²Ğ¾Ñ Ğ´ĞµĞ²ÑƒÑˆĞºĞ° Ğ±Ğ¾Ğ»ÑŒĞ½Ğ°,KinoCoj,Russian Rock,Post-Punk,Alternative
Be Quiet And Drive Slowed and Reverbed,Deftones,Holding a Beating Heart,Slowed,Reverb,Alternative Rock
Kekain,DJ ĞŸĞ•Ğ Ğ•ĞšĞ Ğ«Ğ¢,Russian Hip Hop,Trap,Alternative
ĞœÑĞºĞ¾Ñ‚ĞºĞ°,DJ ĞŸĞ•Ğ Ğ•ĞšĞ Ğ«Ğ¢,Russian Hip Hop,Trap,Alternative
Ğ”Ğ¾Ğ¼ Ñ Ğ¿Ğ¾Ğ½Ğ¸Ğ¶ĞµĞ½Ğ½Ñ‹Ğ¼ ĞºĞ°Ñ‡ĞµÑÑ‚Ğ²Ğ¾Ğ¼,DJ ĞŸĞ•Ğ Ğ•ĞšĞ Ğ«Ğ¢,Russian Hip Hop,Trap,Alternative
Ğ’ ĞŸĞ¸Ñ‚ĞµÑ€Ğµ Ğ¶Ğ¸Ñ‚ÑŒ Ñ…Ğ¾Ñ€Ğ¾ÑˆĞ¾,DJ ĞŸĞ•Ğ Ğ•ĞšĞ Ğ«Ğ¢,Russian Hip Hop,Trap,Alternative
Ğ¢ĞµÑ…Ğ½Ğ¾Ğ»Ğ¾Ğ³Ğ¸Ñ‡ĞµÑĞºĞ¸Ğ¹ Ğ¸Ğ½ÑÑ‚Ğ¸ÑŠÑƒÑŠ,DJ ĞŸĞ•Ğ Ğ•ĞšĞ Ğ«Ğ¢,Russian Hip Hop,Trap,Alternative
lucky you,deftones,ripmyfxceoff,Alternative Rock,Post-Grunge,Slowed
game over.,goreshit,Breakcore,Electronic,Experimental
sidewalks and skeletons goth (slowed+reverb),unkown,Electronic,Witch House,Slowed
The Smashing Pumpkins - 1979,aidenh,Alternative Rock,Grunge,Slowed
1979 - ğ™ğ™ğ™š ğ™ğ™¢ğ™–ğ™¨ğ™ğ™ğ™£ğ™œ ğ™‹ğ™ªğ™¢ğ™¥ğ™ ğ™ğ™£ğ™¨ - ğ™ğ™¥ğ™šğ™™ ğ™ªğ™¥,Heidi.luvs.u,Alternative Rock,Grunge,Sped Up
Hustlaz,FXRGE,Hip Hop,Trap,Alternative
tu vis dans ma caveau,jeveuxrien,Indie Rock,Alternative,Lo-fi
LIL KRYSTALLL - Mazzaleen,Drughi1l,Hip Hop,Trap,Alternative
COMEDOWNCHICK - Ğ‘Ğ˜Ğ—ĞĞ•$$ 9.5 MIXTAPE,COMEDOWNCHICK,Hip Hop,Trap,Alternative
from da hills,ANNMALIBU,Hip Hop,Trap,Cloud Rap
ÑƒĞ±ĞµĞ¹ Ğ¼ĞµĞ½Ñ, ÑĞ¹Ñ! - Ğ½Ğ¸Ñ‡ĞµĞ³Ğ¾ ÑĞ²ÑÑ‚Ğ¾Ğ³Ğ¾,svttrzm.,Indie Rock,Alternative,Lo-fi
Rise of the Centaur [FREE DL],Fixions,Synthwave,Electronic,Chiptune
Ğ´Ğ¾Ğ¼ Ğ¿Ñ€ĞµÑÑ‚Ğ°Ñ€ĞµĞ»Ñ‹Ñ… Ğ°ÑƒÑ‚Ğ¸ÑÑ‚Ğ¾Ğ² - ÑĞ¸Ğ½Ñ…Ñ€Ğ¾Ñ„Ğ°Ğ·Ğ¾Ñ‚Ñ€Ğ¾Ğ½,misakyia,Electronic,Experimental,Noise
metamorphosis (old mix),tarutrit,Electronic,Experimental,Ambient
90   Ğ‘ÑƒĞµÑ€Ğ°Ğº,paragvaev,Russian Rock,Post-Punk,Alternative
Suisside - Dark Side Of The Moon (Cut out beginning looped + Sped up + reverb),cut outs </3,Electronic,Sped Up,Experimental
everlong - Foo Fighters // instrumental sped up,sakutq,Alternative Rock,Post-Grunge,Sped Up
Everlong,Foo Fighters,Alternative Rock,Post-Grunge,Indie Rock
Neuron,Garth_Knight,Synthwave,Electronic,Retrowave
Dream Within A Dream,Lazerhawk,Synthwave,Chillwave,Electronic
Feel The Rush Tonight (feat. GUNSHIP),Lazerhawk,Synthwave,Electronic,Chillwave
knife.exe,scarmaid,Electronic,Experimental,Ambient
distance (é«ªãŒã‚†ã‚Œã¦ã„ã‚‹),ward wills,Indie Pop,Dream Pop,Electronic
off-white,Eery,Electronic,Indie,Alternative
Growing Down [Free Download],Car-D Romantic,Indie,Chillwave,Lo-fi
each other (w/ RÅ®DE),elijah who,Lo-fi,Chillhop,Indie
Ficus [VINYL NOW AVAILABLE],WMD,Indie,Chillwave,Electronic
SLOW JAM,CASSO BLVCK,Electronic,Indie,Chillwave
Ñ‚Ğ¾ÑĞºĞ°,Ğ¼Ğ¾Ğ»Ñ‡Ğ°Ñ‚ Ğ´Ğ¾Ğ¼Ğ°,Post-Punk,Indie Rock,Russian Rock
5 Ğ©ĞµĞ½ĞºĞ¸ - Ğ¡Ñ‚Ñ€Ğ°Ğ½Ñ‹,Helly Helen,Indie Rock,Russian Rock,Lo-fi
Ğ£Ğ»ÑŒÑ‚Ñ€Ğ°Ğ½Ğ°ÑĞ¸Ğ»Ğ¸Ğµ,ĞšĞ²ĞµĞ½Ñ‚ĞµĞ²,Russian Rock,Post-Punk,Alternative
cĞµĞºĞ¾Ğ½Ğ´-Ñ…ÑĞ½Ğ´,ssshhhiiittt!,Indie Rock,Alternative,Russian Rock
4 Ğ©ĞµĞ½ĞºĞ¸ - ĞŸĞ¾ÑÑ‚ÑƒĞ¿Ğ¸Ğ¼ Ğ¢Ğ°Ğº,Helly Helen,Indie Rock,Russian Rock,Alternative
Ğ¢Ğ¾Ğ»ÑŒĞºĞ¾ Ğ§ĞµÑÑ‚Ğ½Ğ¾,punkmodernisty,Indie Rock,Post-Punk,Lo-fi
Ğ›ĞµÑ Ğ¿Ğ¾Ñ†ĞµĞ»ÑƒĞµĞ²,Tvoe.daleko,Indie Rock,Dream Pop,Lo-fi
ÑƒĞ»ÑŒÑ‚Ñ€Ğ°Ğ½Ğ°ÑĞ¸Ğ»Ğ¸Ğµ - Ğ²Ğ»Ğ°Ğ¶Ğ½Ğ¾ÑÑ‚ÑŒ (slowed 0,95),ĞºÑƒĞºÑƒÑ€ÑƒĞ·Ğ½Ğ¸Ğº,Slowed,Post-Punk,Indie Rock
AL-90 & DX2OV - Odna [Fuselab],INVERTED AUDIO,Electronic,Experimental,Ambient
ĞœĞ¾Ñ‚Ğ¾Ğ³Ğ¾Ğ½ĞºĞ¸ - Ğ’ĞµÑ‚ĞµÑ€ - Wind,1qaukeu5bxw0mj0ocosb44d4,Russian Rock,Indie Rock,Alternative
fake cypher freestyle,BUDDHA KUSH,Hip Hop,Trap,Freestyle
TVETH - Provolone,WiedÅºmin,Hip Hop,Alternative,Rap
You Are (Not) Alone W// Alparr,Ryder,Alternative,Indie,Lo-fi
SNEG,roDICH,Alternative,Indie,Lo-fi
Wrong Number 2,ğ”oon ğ”‡eity,Electronic,Experimental,Indie
ZODIVK, ZODIVK, Bearded Legend - The Wayfarer,ZODIVK,Hip Hop,Trap,Cloud Rap
Prostie Dvizheniya (ĞŸÑ€Ğ¾ÑÑ‚Ñ‹Ğµ Ğ”Ğ²Ğ¸Ğ¶ĞµĞ½Ğ¸Ñ),t.A.T.u. Media,Pop,Dance,Russian Pop
Army Of Me,Bjork,Electronic,Indie,Trip-Hop
Kitty,low pulse,Indie Pop,Dream Pop,Lo-fi
Ğ’ĞµÑĞµĞ»Ğ°Ñ Ğ¿Ñ€Ğ¾Ğ³ÑƒĞ»ĞºĞ° Ğ¿Ğ¾Ğ´ Ñ„ĞµĞ½Ğ¾Ğ¼,DJ ĞŸĞ•Ğ Ğ•ĞšĞ Ğ«Ğ¢,Russian Hip Hop,Trap,Alternative
18 C418 - Sweden,Minecraft Wizards,Electronic,Chillhop,Lo-fi
TVETH Ñ… SEVNZ Ñ… Ğ›Ğ¾Ñ€Ğ° - 200,Ğ ÑƒÑÑĞºĞ°Ñ Ğ ÑĞ¿-Ğ¡Ñ†ĞµĞ½Ğ°,Russian Hip Hop,Trap,Alternative
Ğ›ÑƒÑ‡ÑˆĞ¸Ğ¸Ì† Ğ²Ğ°Ğ¸Ì†Ğ±,ĞœĞ°ĞºÑ ĞšĞ¾Ñ€Ğ¶,Russian Pop,Rap,Alternative
ĞŸĞ¾ÑĞ¼Ğ° Ğ¾ Ğ Ğ¾Ğ´Ğ¸Ğ½Ğµ,Ğ¥Ğ°ÑĞºĞ¸,Russian Rock,Rap,Alternative
Freddie Dredd ft JEEMBO - K.O,66.6,Hip Hop,Trap,Alternative
I Really Want to Stay at Your House,Senya Moro,Indie Pop,Chillwave,Electronic
Stuck in the sound- Brother,Stuck In The Sound,Indie Rock,Alternative,Garage Rock
Destruction,Joywave,Alternative Rock,Indie Rock,Electronic
care only about me,dssctveself,Indie Pop,Alternative,Lo-fi
Sweet Tooth,golemm,Electronic,Indie Pop,Alternative
Ğ½Ğ°Ğ¸Ğ·Ğ½Ğ°Ğ½ĞºÑƒ,Ğ°Ñ€ÑƒÑ€Ğ¸Ğ¿,Indie Rock,Post-Punk,Alternative
breaking knees with baseball bats,War 4ngelz255,Electronic,Noise,Experimental
Simp Pilgrim,terra gatsuki,Indie Rock,Alternative,Indie Pop
Oo Sweetman Pres. DJ Alan - 004 (P'ella Mix),Oo Sweetman,Dance,House,Electronic
Make you mine,Melanite DJ,Electronic,Dance,House
Fallen Angel,watering,Indie Pop,Lo-fi,Dream Pop
Bomfunk Mc's - Freestyler (Feel XS Remix),Bomfunk Mc's,Electronic,Dance,House
Bomfunk MC's - Freestyler (Wendy Bootleg),Wendy's Drive Thru,Electronic,Dance,Remix
Ğ£Ğ±Ğ¸Ğ¹Ñ†Ğ°,Ğ²Ğ»Ğ°Ğ´ Ğ¿Ğ¸Ğ²Ğ¾,Russian Rock,Post-Punk,Alternative
Ğ²ĞµÑ€Ñ‚ÑƒÑˆĞºĞ° Ğ³Ğ°Ğ·Ğ¼Ğ°Ğ½Ğ¾Ğ²Ğ° - ÑˆĞºĞ¾Ğ»ÑŒĞ½Ğ¸Ñ†Ğ°,**RE-Bonjour Ã  Tous,Russian Rock,Indie Rock,Alternative
Closed,plenka,Indie Rock,Alternative,Post-Punk
plenka - Call Me (Slowed),Ğ”Ğ°Ğ½Ğ¸Ğº,Indie Rock,Alternative,Slowed
nightmare (2015),plenka,Indie Rock,Alternative,Post-Punk
murder,AENEAS,Indie Rock,Alternative,Lo-fi
Reefer,eery,Indie,Electronic,Alternative
Ğ‘Ğ«Ğ¡Ğ¢Ğ Ğ«Ğ™ ÑĞ¼Ğ½,Ğ¡ĞœĞ,Indie Rock,Alternative,Russian Rock
Without,Unfound,Indie Rock,Alternative,Experimental
23072301,Loog Taylor,Electronic,Ambient,Experimental
ĞŸĞ°ÑˆĞ° Ğ¢ĞµÑ…Ğ½Ğ¸Ğº - ĞĞ° Ğ½Ğ°Ğ´Ğ¾,isemeltss,Russian Hip Hop,Trap,Alternative
Ğ¢ĞµĞ»ĞµĞ³Ñ€Ğ°Ğ¼,DJ ĞŸĞ•Ğ Ğ•ĞšĞ Ğ«Ğ¢,Russian Hip Hop,Trap,Alternative
Ğ“Ğ›Ğ˜Ğ¦Ğ˜Ğ,DJ ĞŸĞ•Ğ Ğ•ĞšĞ Ğ«Ğ¢,Russian Hip Hop,Trap,Alternative
Ğ£Ğ‘Ğ˜Ğ™Ğ¦Ğ« - ĞŸĞ˜ĞĞ“-ĞŸĞĞĞ“ [ĞĞ˜Ğ˜ GULAG REMIX],Ğ£Ğ‘Ğ˜Ğ™Ğ¦Ğ«,Russian Rock,Post-Punk,Alternative
Ğ’ĞµÑ€Ñ‚ÑƒÑˆĞºĞ° Ğ“Ğ°Ğ·Ğ¼Ğ°Ğ½Ğ¾Ğ²Ğ° Ğ”ĞµĞ²Ğ¾Ñ‡ĞºĞ°-Ñ„ĞµĞ¼ĞºĞ°,Karbofos ğŸ”¥,Russian Rock,Indie Rock,Alternative
amen break nostalgia,aphextwinsucks,Electronic,Ambient,Experimental
Ğ£Ğ‘Ğ˜Ğ™Ğ¦Ğ« - Ğ“Ğ¾Ñ€Ğ¶ÑƒÑÑŒ,Ğ£Ğ±Ğ¸Ğ¹Ñ†Ñ‹,Russian Rock,Post-Punk,Alternative
Staying awake for too long,watering,Indie Rock,Lo-fi,Alternative
leo,watering,Indie Rock,Lo-fi,Alternative
happy brain,watering,Indie Rock,Lo-fi,Alternative
Dojacore 2,watering,Indie Rock,Lo-fi,Alternative
you suck at love,watering,Indie Rock,Lo-fi,Alternative
generic emo breakcore,watering,Indie Rock,Lo-fi,Alternative
playing 1.3.2 on my moms laptop without a single care for the outside world,watering,Indie Rock,Lo-fi,Alternative
^_^,watering,Indie Rock,Lo-fi,Alternative
~Death Note Misa Theme II,Paola Nadim,Soundtrack,Anime,Instrumental
valasy Ëšâœ§â‚ŠânuÌˆrnberg ã€slowed & reverbã€‘,blair,Indie Rock,Slowed,Alternative
Scary Gary,aloo:),Indie Rock,Alternative,Post-Punk
lost,ROU ROT & SADIE PINN,Indie,Electronic,Alternative
Haunt - Falling In Love,J$RB,Indie Rock,Dream Pop,Lo-fi
DARK BEACH,PASTEL GHOST,Dream Pop,Indie,Electronic
Dark Beach (sped up),Pastel Ghost,Dream Pop,Indie,Electronic
DARK BEACH (sped up),Pastel Ghost,Dream Pop,Indie,Electronic
SALMON CANNON DELUXE,NANORAY,Electronic,Chiptune,Experimental
FMH (v1)(Ğ¼ĞµĞ½Ñ) / OST Ğ‘ÑƒĞ»ĞºĞ¸ & ĞºĞµÑ„Ğ¸Ñ€ Ğ¸ Ñ€Ğ¾Ğº-Ğ½-Ñ€Ğ¾Ğ»Ğ»,Ğ¡Ğ°ÑˆĞ° & ĞœĞ°ĞºĞ°Ñ€,Indie,Soundtrack,Electronic
Futureland Feat Power Glove,Sonic Mayhem,Electronic,Synthwave,Chiptune
gesaffelstein - aleph (slowed reverb),raexak,Electronic,Experimental,Slowed
dream of another way out,Visceral Design x anatu,Indie,Electronic,Experimental
Vague003 â€“ Drowning,Drowning,Indie Rock,Dream Pop,Lo-fi
ĞœĞ­Ğ˜Ì†Ğ‘Ğ˜ Ğ‘Ğ­Ğ˜Ì†Ğ‘Ğ˜ & ĞšĞ ĞĞšĞ˜ â€” Ğ‘Ğ°Ğ½Ğ´Ğ°-ĞŸÑ€Ğ¾Ğ¿Ğ°Ğ³Ğ°Ğ½Ğ´Ğ°,ĞœĞ­Ğ™Ğ‘Ğ˜ Ğ‘Ğ­Ğ™Ğ‘Ğ˜,Russian Hip Hop,Trap,Alternative
I wish to have a happy end,ã‚¤ã‚¢ / ia,Indie,Experimental,Electronic
through the light,dracodraco,Indie,Electronic,Experimental
Ğ³Ğ½Ğ¸Ğ»Ğ°ÑĞ»Ğ¸Ñ€Ğ¸ĞºĞ° - Ğ½Ğµ ÑĞ»ĞµĞ·Ğ°Ğ¸Ì†,Second Russian Rap Scene,Russian Hip Hop,Trap,Alternative
ĞÑĞºĞ¾Ñ€Ğ±Ğ¸Ğ½ĞºĞ°,Ğ¤Ğ Ğ•ĞĞ”Ğ—ĞĞĞ & ĞœĞ­Ğ™Ğ‘Ğ˜ Ğ‘Ğ­Ğ™Ğ‘Ğ˜,Russian Hip Hop,Pop,Alternative
There she goes Ezekiel,reveur_ki,Indie Rock,Post-Punk,Alternative
Converter,MegaDrive,Synthwave,Electronic,Chiptune
KENNY,OBLADAET,Russian Hip Hop,Trap,Alternative
Silhouette Slowed By LX,Pastel Ghost & Rami Layli,Dream Pop,Indie,Electronic
Ğ¿Ğ¾Ñ€ĞµĞ· Ğ½Ğ° ÑĞ¾Ğ±Ğ°ĞºĞµ â€” Ñƒ Ğ¿Ğ¾Ğ¶Ğ°Ñ€Ğ° Ğ²Ğ½ÑƒÑ‚Ñ€Ğ¸,ĞŸĞ¾Ñ€ĞµĞ· Ğ½Ğ° Ğ¡Ğ¾Ğ±Ğ°ĞºĞµ,Indie Rock,Alternative,Lo-fi
ĞÑ€Ğ¸Ñ Ğ¡ÑƒĞ´ÑŒĞ¸,ĞĞ˜Ğ“Ğ•Ğ›,Russian Rock,Alternative,Post-Punk
The Prodigy - Smack My Bitch Up (Original Mix),ĞšĞ»Ğ¸Ğ¼ Ğ‘ĞµĞ»ÑƒĞ³Ğ¸Ğ½,Electronic,Dance,Big Beat
BLADE,DJ BABY CASH,Electronic,Bass,Experimental
Ğ—Ğ°Ñ‚ÑƒÑÑƒĞ¹ÑÑ Ğ¿Ğ¾Ğ´ ĞœĞ¡,KotE37,Russian Hip Hop,Trap,Alternative
Ğ“Ğ¾Ğ»Ğ¾Ğ²Ğ¾Ğ³Ñ€ÑƒĞ´ÑŒ - Ğ£Ğ³Ğ»Ñ,Cephalothorax,Indie Rock,Post-Punk,Alternative
D City Rock [ We Are Angels ] ( Original Remix ),YENI,Indie Rock,Alternative,Indie Pop
OBORVI OKOVI,OBORVI OKOVI,Russian Hip Hop,Trap,Alternative
Davay Priqolimsya,Alfa PwP,Russian Hip Hop,Trap,Freestyle
Woven Hands And Torsos,adoptahighway,Experimental,Electronic,Indie
Love Will Take,Zes,Indie Rock,Dream Pop,Lo-fi
-Olive- By Jake Chudnow [HD],Jarrod Reque,Electronic,Indie,Ambient
BLEED OUT,BLXCKBUSTA,Hip Hop,Trap,Alternative
in search,Cheech,Indie Rock,Alternative,Post-Punk
Nausea,LVCK,Indie Rock,Alternative,Dream Pop
dream,Ğ¿l3nkâ–²,Indie Rock,Dream Pop,Lo-fi
NĞÎĞ™,Î”XIUS LIĞ˜K x Ğ½Ğ¾Ğ¶ĞµĞ²Ñ‹Ğµ Ñ€Ğ°Ğ½ĞµĞ½Ğ¸Ñ,Indie Rock,Alternative,Experimental
Modulogeek - Around - Hotline Miami 2,Kebab Boy,Synthwave,Chiptune,Electronic
Love Cassette from the Future,Funny Death,Indie Pop,Dream Pop,Lo-fi
1932-33.(1),vokeebokÃ¦ybgo lochtyblchvvaii,Indie,Experimental,Electronic
The Red Strings Club - The Red Strings Club & OST,Orive,Electronic,Synthwave,Indie
Clash Royale Theme - Drill Remix,User 471171505,Electronic,Instrumental,Remix
Clash Royale Game Music Menu Theme Game Theme,The Universal VIII,Electronic,Instrumental,Remix
Vignette: Panacea,Disasterpeace,Electronic,Chiptune,Soundtrack
brian is the most beautiful,Memo Boy,Indie Pop,Lo-fi,Chillwave
SALUKI Feat. ROCKET - Ğ¢ÑƒĞ¿Ğ¸Ğº (feat. ROCKET),Danilos,Russian Hip Hop,Trap,Alternative
not gonna get us (vs. Tatu),plenka,Electronic,Chillwave,Alternative
Plenka - Closed (Slowed),ramazzan40,Indie Rock,Slowed,Lo-fi
ĞĞ°Ñˆ Ğ¼ĞµĞ½Ñ‚Ğ°Ğ»Ğ¸Ñ‚ĞµÑ‚,FACE,Russian Hip Hop,Trap,Alternative
ĞĞ¸ĞºĞ°ĞºĞ¾Ğ¹ Ğ»ÑĞ±Ğ²Ğ¸,FACE,Russian Hip Hop,Trap,Alternative
Death Talk (Nonsens),Junkie Jungle,Indie Rock,Post-Punk,Alternative
Skillet-Monster(Cover),ZielosÅ‚aw Cover,Rock,Post-Grunge,Alternative
Chase,KSLV,Electronic,Experimental,Bass
soviet encounter problem,corn wave,Indie Rock,Alternative,Post-Punk
Falkor's Return,Indecorum,Experimental,Electronic,Ambient
Heaven Knows I'm Miserable Now,mock,Indie Rock,Alternative,Post-Punk
decay,Blood Estate,Indie Rock,Lo-fi,Dream Pop
plastic yard,Wh0r3agamiz,Electronic,Experimental,Noise
mistake,William Woodhouse,Indie,Lo-fi,Dream Pop
i dont think i can do this again but i destroyed it (early wip xd),ï½Œ ï½… ï½˜ ï½• ï½“ ï¼· ï¼© ï¼°,Indie Pop,Lo-fi,Dream Pop
Spill It On The Ground,JT,Indie,Chillwave,Electronic
You Cant Hate Me Anymore,Rew,Indie Pop,Chillwave,Lo-fi
If It's Never Right,Rew,Indie Pop,Lo-fi,Dream Pop
Ğ“Ğ´Ğµ Ğ¤Ğ°Ğ½Ñ‚Ğ¾Ğ¼ - Ğ­Ñ‚Ğ¾ Ñ‚Ğ°Ğº Ğ°Ñ€Ñ…Ğ°Ğ¸Ñ‡Ğ½Ğ¾,Triskelis,Indie Rock,Post-Punk,Alternative
ĞÑÑ‚Ñ€Ğ¾Ğ²,ĞœĞ«,Indie,Chillwave,Lo-fi
ĞšĞ¸Ğ½Ğ¾ & Ğ”ĞµÑ€ĞµĞ²Ğ¾,acjazz,Russian Rock,Post-Punk,Alternative
Ğ¿Ñ€Ğ¾Ğ³Ğ½Ğ¾Ğ·,Ğ¼Ğ¾Ğ»Ñ‡Ğ°Ñ‚ Ğ´Ğ¾Ğ¼Ğ°,Post-Punk,Indie Rock,Russian Rock
Ğ“Ğ´Ğµ Ğ¤Ğ°Ğ½Ñ‚Ğ¾Ğ¼? - Ğ¯ Ğ¢ĞµĞ±Ñ Ğ›ÑĞ±Ğ»Ñ,nPocTo_DyHyJl,Indie Rock,Post-Punk,Alternative
Ğ“Ğ´Ğµ Ğ¤Ğ°Ğ½Ñ‚Ğ¾Ğ¼? - Ğ¡Ñ‚Ğ°Ñ€Ğ¸Ğº,Ğ¶Ğ°Ğ²Ğ¾Ñ€Ğ¾Ğ½Ğ¾Ğº ĞºĞ¸ÑˆĞ¾Ğº,Indie Rock,Post-Punk,Alternative
Ğ’ĞµÑ‡ĞµÑ€Ğ¸Ğ½ĞºĞ°,ĞšĞ¾ÑĞ¼Ğ¾Ñ Ğ½Ğ° Ğ¿Ğ¾Ñ‚Ğ¾Ğ»ĞºĞµ,Indie Rock,Post-Punk,Alternative
Ğ‘Ğ°Ğ»ĞºĞ¾Ğ½,ĞšĞ¾ÑĞ¼Ğ¾Ñ Ğ½Ğ° Ğ¿Ğ¾Ñ‚Ğ¾Ğ»ĞºĞµ,Indie Rock,Post-Punk,Alternative
Ğ½Ğ¾Ğ¼ĞµÑ€ 5,Ğ¦Ğ¸Ñ€Ñ€Ğ¾Ğ· ĞŸĞµĞ½ÑĞ¸Ğ¸,Indie Rock,Post-Punk,Alternative
No Man's Land - Ğ¡Ğ¼ĞµÑ‘Ñ‚ÑÑ,No Man's Land,Indie Rock,Post-Punk,Alternative
houseplant,they are gutting a body of water,Indie Rock,Dream Pop,Lo-fi
ACID EATER,Goth Hippie,Indie Rock,Post-Punk,Alternative
Out of Time,deb never,Indie Pop,Dream Pop,Lo-fi
GRNFTHR (Produced by Paper Platoon),SPARK MASTER TAPE,Hip Hop,Trap,Alternative
Stacey,Sink Saiko,Indie Rock,Alternative,Lo-fi
chess,KoÃ§itSkoria & Orqzeu,Electronic,Experimental,Indie
Her best friend,Sorry about my face,Indie Pop,Dream Pop,Lo-fi
Inhuman (w/ aak3),usedcvnt,Hyperpop,Alternative,Trap
CRIMINAL,&SXGXVX.,Indie Rock,Alternative,Post-Punk
everyone remembers,Sorry about my face,Indie Pop,Dream Pop,Lo-fi
dsa,Sorry about my face,Indie Pop,Lo-fi,Chillwave
I Felt You -xxtarlit,Aza.,Indie Pop,Lo-fi,Dream Pop
Wpcwe - Ñ€Ğ°ÑÑĞºĞ°Ğ¶Ğ¸ Ğ¼Ğ½Ğµ 134,kkkar78,Indie Rock,Post-Punk,Alternative
Sadness - I want to be with you (glitchtrode Remix),glitchtrode,Indie Pop,Lo-fi,Electronic
8.F R A G M E N T,BLKSMIITH,Electronic,Experimental,Noise
ĞŸĞ°Ğ½Ğº,ĞšĞ Ğ£Ğ–ĞĞš,Russian Rock,Post-Punk,Alternative
Ğ¥Ğ¾Ñ€Ğ¾Ğ²Ğ¾Ğ´,ĞšĞ Ğ£Ğ–ĞĞš,Russian Rock,Post-Punk,Alternative
Ğ¡Ğ²Ğ¸ÑÑ‚,ĞšĞ Ğ£Ğ–ĞĞš,Russian Rock,Post-Punk,Alternative
Ğ­Ğ¼Ğ¸Ğ³Ñ€Ğ°Ñ†Ğ¸Ñ,ĞšĞ Ğ£Ğ–ĞĞš,Russian Rock,Post-Punk,Alternative
Skrillex&Missy Elliott & Mr. Oizo - RATATA,Skrillex,Electronic,Dubstep,Bass
Intro (ft Zola Jesus),M83,Electronic,Ambient,Indie
Fire Shall Devour Them,REPOSTMAN,Electronic,Ambient,Experimental
Ash&Black Veil,Mute Records,Indie Rock,Experimental,Alternative
Tempo Perdido (LegiÃ£o Urbana),Papagaio ElÃ©trico,Indie Rock,Post-Punk,Alternative
Two Weeks,Grizzly Bear,Indie Rock,Alternative,Dream Pop
ĞŸĞ»Ğ¾Ñ…Ğ°Ñ Ğ¡ÑƒĞºĞ° (original),ĞŸĞµÑĞ°Ñ€ & Gone.Fludd,Russian Hip Hop,Trap,Alternative
Ğ’Ğ£Ğ”Ğ£,Gone.Fludd,Russian Hip Hop,Trap,Alternative
ĞœĞĞ“Ğ£ ĞŸĞĞ£Ğ¢Ğ¬ Ğ­Ğ¢Ğ (feat. â€‹I61),Gone.Fludd,Russian Hip Hop,Trap,Alternative
the only thing i had to do,LovelySharkPlush,Indie Pop,Lo-fi,Dream Pop
transsibir',Cheech,Indie Rock,Alternative,Post-Punk
SEEMEE & MAYOT â€“ WINDOWS,SEEMEE & MAYOT,Russian Hip Hop,Trap,Cloud Rap
I Dance Alone,Hiroshi Fujiwara,Electronic,House,Dance
JUNGLE,BATO & JEEMBO & SEEMEE,Russian Hip Hop,Trap,Alternative
KIZARU X OG Maco - Sunny Drive,NumLOW,Hip Hop,Trap,Alternative
boys dont cry - sped up,lizzy :),Alternative Rock,Sped Up,Post-Punk
dirk. - Toothpick By Hello.babbie,hellobabbie,Indie Rock,Alternative,Post-Punk
insomniac- memo boy/chakra efendi SLOWED,i,Lo-fi,Chillwave,Slowed
Kyoto Station,RetroJapan,Electronic,Ambient,Chillwave
Where Is Your Love?,sorryyyouaredeaddd,Indie Pop,Lo-fi,Dream Pop
Memo Boy  Chakra Efendi-Insomniac,prprprpr,Indie Pop,Lo-fi,Chillwave
Frail â€“ Crystal Castles,&//,Electronic,Noise,Experimental
Nemesis,Kick Puncher,Electronic,Synthwave,Indie
Confrontation,Speed Machine,Electronic,Chiptune,Synthwave
Journey,sayuw,Indie Rock,Alternative,Dream Pop
~Death Note Mello Theme I,Paola Nadim,Soundtrack,Anime,Instrumental
Death Note Ending 2 [Full],Taha Furkan Ã‡olak,Soundtrack,Anime,Instrumental
~Death Note Misa Theme I,Paola Nadim,Soundtrack,Anime,Instrumental
Deathnote|Kodoku,death note soundtrack,Soundtrack,Anime,Instrumental
UNDERTALE - Small Shock (GENOCIDE with rain ambience EXTENDED),wawa,Soundtrack,Video Game Music,Instrumental
Toby Fox - UNDERTALE Soundtrack - 28 Premonition,angrysausage,Soundtrack,Video Game Music,Instrumental
Escape From Midwich Valley,Carpenter Brut,Synthwave,Electronic,Retrowave
Delay - Hotline Miami 2,Kebab Boy,Synthwave,Chiptune,Electronic
Bloodline (Scattle cover),und3ad,Synthwave,Electronic,Retrowave
Fixions - Putrid Waves,Fixions,Synthwave,Electronic,Chiptune
LudoWic - Katana ZERO (Shore Disorder Remix),LudoWic,Synthwave,Electronic,Retrowave
Ğ¼Ğ¾Ğ½ĞµÑ‚Ğ¾Ñ‡ĞºĞ° â€” Ğ¿Ğ¾ÑĞ»ĞµĞ´Ğ½ÑÑ Ğ´Ğ¸ÑĞºĞ¾Ñ‚ĞµĞºĞ° (prod. Ğ²Ğ¸Ñ‚Ñ Ğ¸ÑĞ°ĞµĞ²),godXtsar,Russian Pop,Indie,Alternative
Ğ”Ğ°Ğ¹Ñ‚Ğµ Ñ‚Ğ°Ğ½Ğº (!) - Ğ›ÑĞ´Ğ¸,sumfUll,Russian Rock,Indie Rock,Alternative
ĞœĞĞĞ•Ğ¢ĞĞ§ĞšĞ â€” ĞŸĞĞ”ĞĞ¢Ğ¬ Ğ’ Ğ“Ğ Ğ¯Ğ—Ğ¬,M12,Russian Rock,Indie Rock,Alternative
FlÑ‘ur - Ğ‘ÑƒĞ´ÑŒ Ğ¼Ğ¾Ğ¸Ğ¼ ÑĞ¼Ñ‹ÑĞ»Ğ¾Ğ¼,bilka?,Russian Rock,Indie,Alternative
Ğ’Ğ¾Ñ…Ğ° & Ğ›Ñ‘Ñ…Ğ°,Serhii Savochkin,Russian Hip Hop,Alternative,Freestyle
Ğ­Ğ»ĞµĞºÑ‚Ñ€Ğ¾Ñ„Ğ¾Ñ€ĞµĞ· feat. Superkomfort - Ğ¤Ğ¾Ñ‚Ğ¾Ğ³Ñ€Ğ°Ñ„,neurojutsu,Indie Rock,Post-Punk,Alternative
Ğ”Ğ°Ğ¹Ñ‚Ğµ Ñ‚Ğ°Ğ½Ğº (!) - ĞœÑ‹,Ğ­ĞºÑĞ¿ĞµÑ€Ñ‚ Ğ¿Ğ¾ Ñ…Ğ¾Ğ»Ğ¾Ğ´Ğ¸Ğ»ÑŒĞ½Ğ¸ĞºĞ°Ğ¼,Russian Rock,Indie Rock,Alternative
The Violent Youth - Shine,Noire Shapes,Indie Rock,Post-Punk,Alternative
Ğ´Ğ°Ğ¹Ñ‚Ğµ Ñ‚Ğ°Ğ½Ğº (!) - ÑƒÑ‚Ñ€Ğ¾,ĞºĞ°Ñ€Ñ‚Ğ¾ÑˆĞºĞ°,Russian Rock,Indie Rock,Alternative
BEETLEBUM,BacktoBeat,Indie Rock,Alternative,Garage Rock
Halfway To Nowhere,chelou,Indie Rock,Dream Pop,Lo-fi
ê’±à¿â™¡ Ëš.*à³ƒ Niteroi Basket ft. Caru ê’±à¿â™¡ Ëš.*à³ƒ,Lena,Indie Pop,Lo-fi,Dream Pop
Boulevard of Broken Dreams,Nitin soni 10,Alternative Rock,Post-Grunge,Indie Rock
Beck - Ramona (Acoustic),Scott Pilgrim Music,Indie Rock,Alternative,Soundtrack
WPCWE - ANOREXY,WPCWE,Indie Rock,Post-Punk,Alternative
Ğ©ĞµĞ½ĞºĞ¸ - Ğ£Ñ…Ğ¾Ğ´Ğ¸ ĞµÑĞ»Ğ¸ Ñ…Ğ¾Ñ‡ĞµÑˆÑŒ,Ğ©ĞµĞ½ĞºĞ¸,Russian Rock,Post-Punk,Alternative
Bad party,Hensonn,Indie Rock,Post-Punk,Lo-fi
Fkbambam (ft Hensonn)- Dark Sauce,Myles Johnson,Indie Rock,Alternative,Post-Punk
CÑƒĞ¿ĞµÑ€ - ĞœĞ°Ğ³Ğ°Ğ·Ğ¸Ğ½,i61 & Powerpuff Luv,Russian Hip Hop,Trap,Alternative
LOCO SMOCO FREESTYLE (OG PRINCE & ROCKET RMX),OBLADAET,Russian Hip Hop,Trap,Alternative
MUTANT,OBLADAET,Russian Hip Hop,Trap,Alternative
WRONG,OBLADAET,Russian Hip Hop,Trap,Alternative
ĞœĞ¾Ğ»Ñ‡Ğ°Ñ‚ Ğ”Ğ¾Ğ¼Ğ° - ĞÑ‚Ğ²ĞµÑ‚Ğ° ĞĞµÑ‚ (slowed + Reverb),_T R A S H,Russian Rock,Post-Punk,Slowed
Ğ”ĞµÑ‚Ğ¸ Ğ ĞµĞ¹Ğ² - Ğ¤Ğ°ĞºĞµĞ»Ğ°.mp3,Akim,Russian Hip Hop,Trap,Alternative
ĞšĞ“Ğ‘ (feat. SQWOZ BAB),Ğ”Ğ•Ğ¢Ğ˜ RAVE,Russian Hip Hop,Trap,Alternative
The Way Home,Magic Sword,Synthwave,Electronic,Chiptune
Legend Of The Keeper,Magic Sword,Synthwave,Electronic,Chiptune
NARC,Mega Drive,Synthwave,Electronic,Chiptune
NARCÂ³,Mega Drive,Synthwave,Electronic,Chiptune
ĞœĞĞ›Ğ§AĞ¢ Ğ”ĞĞœĞ â€“ ĞĞ•Ğ¢ Ğ‘Ğ›Ğ¯Ğ¢Ğ¬ Ğ ĞĞ—Ğ“ĞĞ’APĞ˜Ğ’ĞĞ®Ğ¢  1.Kla$ â€“ ĞŸĞ¾Ñ‡ĞµĞ¼Ñƒ, Mashup,MommyPick,Russian Rock,Post-Punk,Alternative
ĞœĞ¾Ñ‚Ğ¾Ğ³Ğ¾Ğ½ĞºĞ¸ - Ğ›Ğ¸Ñ…Ğ¾Ğ»ĞµÑÑŒĞµ,k1n5_bt,Russian Rock,Post-Punk,Alternative
Sewerslvt - dissociating,NURTTEON,Electronic,Experimental,Ambient
itkeepshappening,_skott.y,Indie Rock,Alternative,Lo-fi
ORION - TIME FOR CRIME,sheitmah,Indie Rock,Post-Punk,Alternative
Down,Swardy,Electronic,Ambient,Indie
NO HOOK NO HOES (feat. Yung Hurn),Boulevard Depo,Hip Hop,Trap,Alternative
Autopoetry,Boulevard Depo & SP4K,Hip Hop,Trap,Alternative
Qwerty Lang,Boulevard Depo & SP4K,Hip Hop,Trap,Alternative
Ğ“Ñ€ÑĞ·ÑŒ,Boulevard Depo,Hip Hop,Trap,Alternative
Ğ¡ĞŸĞ‘Ğ§ - ĞœĞ°Ğ»ĞµĞ½ÑŒĞºĞ¸Ğµ Ñ‡ĞµĞ»Ğ¾Ğ²ĞµÑ‡ĞºĞ¸ 2010,Ğ¡Ğ°Ğ¼Ğ¾Ğµ Ğ‘Ğ¾Ğ»ÑŒÑˆĞ¾Ğµ ĞŸÑ€Ğ¾ÑÑ‚Ğ¾Ğµ Ğ§Ğ¸ÑĞ»Ğ¾,Russian Rock,Indie Rock,Alternative
Ğ¥Ğ¾Ñ‡Ñƒ Ğ½Ğ°Ğ¶Ñ€Ğ°Ñ‚ÑŒÑÑ,Ğ¡Ñ‚Ñ€Ğ°Ğ´Ğ°Ğ»ĞµÑ†,Russian Rock,Indie Rock,Alternative
Girls Gone Wild,Captain Ahab,Electronic,Indie,Dance
Ğ˜ĞĞĞ“Ğ”Ğ,Ğ”Ğ•Ğ¢Ğ˜ RAVE,Russian Hip Hop,Trap,Alternative
Boulevard Depo & Ocb Smoking Raw,Jord,Hip Hop,Trap,Alternative
Migraine,Cheech,Indie Rock,Alternative,Post-Punk
FRESH SOFT ft.Boulevard Depo x Pharaoh x Basic Boy (Prod.by White Punk),i61 & Boulevard Depo & Pharaoh & Basic Boy,Hip Hop,Trap,Alternative
DRUG,Boulevard Depo,Hip Hop,Trap,Alternative
Run,Awolnation,Alternative Rock,Indie Rock,Post-Grunge
Ğ”Ñ€ÑƒĞ³,Ğ‘ÑƒĞµÑ€Ğ°Ğº,Russian Rock,Post-Punk,Alternative
Ğ˜Ğ·Ğ½Ğ°ÑĞ¸Ğ»Ğ¾Ğ²Ğ°Ğ½Ğ¸Ğµ Ğ¸ ĞºĞ°Ğ½Ğ¸Ğ±Ğ°Ğ»Ğ¸Ğ·Ğ¼ - Ğ¢Ñ‹ ĞŸÑ€ĞµĞºÑ€Ğ°Ñ‰Ğ°ĞµÑˆÑŒ Ğ”Ñ‹ÑˆĞ°Ñ‚ÑŒ,Ğ˜Ğ·Ğ½Ğ°ÑĞ¸Ğ»Ğ¾Ğ²Ğ°Ğ½Ğ¸Ğµ Ğ˜ ĞšĞ°Ğ½Ğ½Ğ¸Ğ±Ğ°Ğ»Ğ¸Ğ·Ğ¼,Noise,Experimental,Electronic
Mono Death -  Ğ Ğ°ÑÑÑ‚Ñ€Ğ¾Ğ¹ÑÑ‚Ğ²Ğ¾ Joy Division,fifty__blessings,Indie Rock,Post-Punk,Alternative
Offset Ft. Cardi B - Clout [Instrumental],IceHellæ­»,Hip Hop,Trap,Instrumental
Hotline Miami Theme,Benny Smiles,Synthwave,Chiptune,Electronic
Perturbator - Sexualizer (Feat. Flash Arnold),PERTURBATOR,Synthwave,Electronic,Chiptune
Acid Spit,MegaDrive,Synthwave,Electronic,Chiptune
Scattle - It's Safe Now,DevolverDigital,Synthwave,Electronic,Retrowave
Scattle - Flatline,DevolverDigital,Synthwave,Electronic,Retrowave
Ğ£Ğ¿Ğ°Ğ»,Ğ‘ÑƒĞµÑ€Ğ°Ğº,Russian Rock,Post-Punk,Alternative
The Order,Kick Puncher,Electronic,Chiptune,Synthwave
Scattle- Cursive (Surgeryhead Remix),Surgeryhead,Synthwave,Electronic,Chiptune
Die Cosmonaut,EL TIGR3,Electronic,Experimental,Noise
ĞšĞ°Ğ¹Ñ„,Ğ‘ĞµĞ½Ğ³Ğ°Ğ»ÑŒÑĞºĞ¸Ğµ ĞŸĞ¾Ğ´Ğ¾Ğ½ĞºĞ¸,Russian Rock,Post-Punk,Alternative
Ğ‘ÑƒĞµÑ€Ğ°Ğº - ĞšĞ¾Ğ½Ğ¾ĞºÑ€Ğ°Ğ´ 2020,lmntvmtrlsm,Russian Rock,Post-Punk,Alternative
Heist,EL TIGR3,Electronic,Experimental,Noise
Power Core,Power Glove,Synthwave,Electronic,Chiptune
RSAC _ KAK NIKTO NIKOGDA,Felix Bondarev & RSAC,Russian Hip Hop,Trap,Alternative
Ğ¿ĞµÑ€ÑĞ¸ĞºĞ¾Ğ²Ñ‹Ğµ ÑĞ°Ğ´Ñ‹,Ğ¾Ñ‚sÑ‚Ğ°Ğ½ÑŒ,Russian Rock,Indie Rock,Alternative
ĞšĞ¾Ğ½ĞµÑ† Ğ­Ğ»ĞµĞºÑ‚Ñ€Ğ¾Ğ½Ğ¸ĞºĞ¸ - ĞĞ¾Ñ‡ÑŒ,ĞšĞ¾Ğ½ĞµÑ† Ğ­Ğ»ĞµĞºÑ‚Ñ€Ğ¾Ğ½Ğ¸ĞºĞ¸,Russian Rock,Post-Punk,Alternative
ĞĞµĞ¿Ğ¾Ğ½ÑÑ‚Ğ½Ñ‹Ğ¹ Ğ ÑƒĞºĞ¾Ğ²Ğ¾Ğ´ÑÑ‰Ğ¸Ğ¹ Ğ˜Ğ¼Ğ¿ÑƒĞ»ÑŒÑ,Ğ‘ÑƒĞµÑ€Ğ°Ğº,Russian Rock,Post-Punk,Alternative
Ğ¡Ğ¿Ğ¾Ñ€Ñ‚Ğ¸Ğ²Ğ½Ñ‹Ğµ ĞÑ‡ĞºĞ¸,Ğ‘ÑƒĞµÑ€Ğ°Ğº,Russian Rock,Post-Punk,Alternative
Legalize Nuclear Bombs,vs4lt,Experimental,Electronic,Alternative
Ice cream boy - Changing,Ù…ØµØ·ÙÙ‰ ğ“‚€,Indie Pop,Lo-fi,Dream Pop
ETERNAL SZN (IG @eyezhateu),EYEZ HATE U,Trap,Hip Hop,Alternative
Ğ“ĞĞ—ĞĞ’ĞĞ¯ Ğ•Ğ‘Ğ›Ğ¯ - Ğ¢Ğ Ğ£ĞŸ ĞšĞĞ¡ĞœĞĞĞĞ’Ğ¢Ğ ĞĞ ĞĞ Ğ‘Ğ˜Ğ¢Ğ•,breakMyMind,Noise,Experimental,Electronic
chepou,Cheech,Indie Rock,Alternative,Post-Punk
02 XororÃ´ feat. Russo Passapusso (Uproot Andy Remix),MAGA BO,Electronic,World,House
PORTWAVE - WHAT WE DO,PORTWAVE,Synthwave,Electronic,Chillwave
lebanon hanover - gallowdance â–³Scoâ–³,Lebanon Hanover,Post-Punk,Indie Rock,Gothic Rock
Crystal Castles - Wrath Of God,Last Gang Records,Electronic,Noise,Experimental
CP mikro kei( ĞŸĞ°ÑˆĞ° Ğ¢ĞµÑ…Ğ½Ğ¸Ğº prod. ),ĞŸĞ°ÑˆĞ° Ğ¢ĞµÑ…Ğ½Ğ¸Ğº,Russian Hip Hop,Trap,Alternative
Fourlikooola,ĞŸĞ°ÑˆĞ° Ğ¢ĞµÑ…Ğ½Ğ¸Ğº,Russian Hip Hop,Trap,Alternative
Undertale - Uwa!! So Holidayâ™« (Lo-Fi Remix),RoboticWisp,Lo-fi,Chillwave,Indie
Crystal Castles - Frail /Remix,Olivier Adamczyk,Electronic,Noise,Experimental
Comfortably Numb Pink Floyd The Wall,Stephanie Valdez Alrz,Classic Rock,Psychedelic Rock,Progressive Rock
My Bloody Valentine Loveless,AteÅŸ Evren,Indie Rock,Shoegaze,Alternative
FEDERAL,13XBEATS,Trap,Hip Hop,Alternative
MIND SPLIT,KUTE,Experimental,Electronic,Noise
Kerosene - Crystal Castles (Slowed),apastopic,Electronic,Noise,Slowed
ALYSS - Pyramid slowed to perfection (instrumental),Xero,Electronic,Slowed,Instrumental
Wild AI Baby,KFC Murder Chicks,Noise,Experimental,Electronic
Mac DeMarco & Ode to Viceroy,capturedtracks,Indie Rock,Lo-fi,Alternative
Ğ¿ĞµÑĞ½Ğ¸ Ğ´Ğ»Ñ Ğ²Ğ·Ñ€Ğ¾ÑĞ»Ñ‹Ñ… - ÑƒĞ´Ğ¸Ğ²Ğ¸Ñ‚ĞµĞ»ÑŒĞ½Ğ¾,onethousandmurder,Russian Rock,Indie Rock,Alternative
shit - Ğ½Ğ° Ğ¼Ğ¾ĞµĞ¼ Ğ²ĞµĞ»Ğ¾ÑĞ¸Ğ¿ĞµĞ´Ğµ,ĞšĞ°Ñ€Ğ¾Ğ»Ñ–Ğ½Ğ° Ğ Ğ¾Ğ¼Ğ°Ğ½Ğ¾Ğ²Ğ°,Indie Rock,Lo-fi,Alternative
Ruins - PS4 Theme,Sapph,Soundtrack,Ambient,Instrumental
Ben Briggs - TEM SHOP (Undertale Remix),Ben Briggs & GameChops,Chiptune,Electronic,Remix
Toby Fox - UNDERTALE Soundtrack - 24 Bonetrousle,angrysausage,Soundtrack,Video Game Music,Instrumental
Toby Fox - UNDERTALE Soundtrack - 71 Undertale,angrysausage,Soundtrack,Video Game Music,Instrumental
undertale temmie get money for colege,archdiggle,Soundtrack,Video Game Music,Chiptune
Calamity,Yvetzal,Indie Pop,Dream Pop,Lo-fi
Ğ¡Ğ°Ğ¼Ğ¾Ğµ Ğ‘Ğ¾Ğ»ÑŒÑˆĞ¾Ğµ ĞŸÑ€Ğ¾ÑÑ‚Ğ¾Ğµ Ğ§Ğ¸ÑĞ»Ğ¾ - Ğ“Ğ¾Ñ€Ğ¸Ğ·Ğ¾Ğ½Ñ‚,LookFor,Russian Rock,Indie Rock,Alternative
ĞĞºĞ²Ğ°Ñ€Ğ¸ÑƒĞ¼ - Ğ˜ÑĞºÑƒÑÑÑ‚Ğ²Ğ¾ Ğ±Ñ‹Ñ‚ÑŒ ÑĞ¼Ğ¸Ñ€Ğ½Ñ‹Ğ¼,collider-kun,Russian Rock,Post-Punk,Alternative
daLIGHTman x MoonDeity - Do you like Tokyo?,ğ”oon ğ”‡eity,Electronic,Ambient,Experimental
bloodthirsty,Feerix,Indie Rock,Alternative,Experimental
Lazerhawk Interstellar,Lazerhawk,Synthwave,Electronic,Chillwave
OUT THE DOOR,fkbambam,Electronic,Bass,Alternative
Slipknot - Duality (Groove Delight Bootleg),Groove Delight,Electronic,Metal,Remix
Ğ¡ĞšĞĞ¢ĞĞ‘ĞĞ™ĞĞ¯-Ğ¢ĞĞ‘Ğ›Ğ•Ğ¢ĞšĞ˜,ĞšĞ¸ÑĞ»Ğ¾Ñ‚Ğ°,Noise,Experimental,Indie
Growling,ĞŸĞ°ÑˆĞ° Ğ¢ĞµÑ…Ğ½Ğ¸Ğº,Russian Hip Hop,Trap,Alternative
Ğ‘ĞµÑĞ¿Ğ¾Ğ»ĞµĞ·Ğ½Ğ¾,Ğ’Ğ°Ğ»ĞµĞ½Ñ‚Ğ¸Ğ½ Ğ¡Ñ‚Ñ€Ñ‹ĞºĞ°Ğ»Ğ¾,Russian Rock,Indie Rock,Alternative
Ğ¡Ğ¾ÑĞ· ĞšĞ¾Ğ¼Ğ¿Ğ¾Ğ·Ğ¸Ñ‚Ğ¾Ñ€Ğ¾Ğ² - Ğ’Ğ’Ğ¡,Ğ¡Ğ¾ÑĞ· ĞšĞ¾Ğ¼Ğ¿Ğ¾Ğ·Ğ¸Ñ‚Ğ¾Ñ€Ğ¾Ğ²,Russian Rock,Indie Rock,Alternative
ĞĞºĞ²Ğ°Ñ€Ğ¸ÑƒĞ¼ - ĞŸĞ»Ğ¾ÑĞºĞ¾ÑÑ‚ÑŒ,User 436445392,Russian Rock,Post-Punk,Alternative
Ğ“Ñ€ĞµĞ±ĞµĞ½Ñ‰Ğ¸ĞºĞ¾Ğ² ĞĞºĞ²Ğ°Ñ€Ğ¸ÑƒĞ¼ - Ğ˜Ğ´Ñƒ Ğ½Ğ° Ñ‚Ñ‹,Katya Akbarova,Russian Rock,Post-Punk,Alternative
ĞĞºĞ²Ğ°Ñ€Ğ¸ÑƒĞ¼ - Ğ“Ğ¾Ñ€Ğ¾Ğ´ Ğ—Ğ¾Ğ»Ğ¾Ñ‚Ğ¾Ğ¹,Light cloud,Russian Rock,Post-Punk,Alternative
Ğ¡Ñ‚Ñ€Ñ‹ĞºĞ°Ğ»Ğ¾ - 92,Lenin,Russian Rock,Indie Rock,Alternative
07 - Ğ‘Ğ¾Ğ»Ñ‚,Ğ’ÑŠĞµĞ±Ğ¸ ĞµĞ¼Ñƒ Ğ”Ğ¾Ğ½Ğ°Ñ‚ĞµĞ»Ğ»Ğ¾!,Indie Rock,Post-Punk,Alternative
Minimix 2021,Foxxy Dekay,Electronic,Experimental,Noise
hurt redux,dyingdiy,Indie Rock,Post-Punk,Alternative
Intervals,Equinox7,Indie Rock,Post-Punk,Alternative
ĞĞµĞ±Ğ¾ ĞĞ°Ğ´ Ğ“Ğ¾Ğ»Ğ¾Ğ²Ğ¾Ğ¹ - Ğ£Ğ±ĞµĞ¶Ğ°Ñ‚ÑŒ,stillborn,Indie Rock,Post-Punk,Alternative
2 Ğ©ĞµĞ½ĞºĞ¸ - Ğ“Ñ€ÑĞ·ÑŒ,Helly Helen,Indie Rock,Russian Rock,Alternative
Ğ¢ĞµĞ»ĞµÑĞºÑ€Ğ°Ğ½ - Ğ¢Ñ‹ÑÑÑ‡Ğ° Ğ”ĞµÑˆÑ‘Ğ²Ñ‹Ñ… Ğ—Ğ°Ğ¶Ğ¸Ğ³Ğ°Ğ»Ğ¾Ğº,lanesra,Indie Rock,Post-Punk,Alternative
GSPD M & MN & KCĞŸ N - ĞŸĞĞšĞ•Ğ¢Ğ˜Ğš ĞšĞ˜Ğ¡Ğ›ĞĞ¢Ğ«,AndreyTaratukhin,Russian Rock,Indie Rock,Alternative
GSPD M & MN & KCĞŸ N - ĞĞœĞ¤Ğ•Ğ¢ĞĞœĞ˜Ğ,AndreyTaratukhin,Russian Rock,Indie Rock,Alternative
GSPD - Ñ‚Ñ‹ Ğ¿Ğ¾Ğ´ÑĞµĞ»Ğ° Ğ½Ğ° Ğ¸Ğ³Ñ€Ñƒ,Ğ»Ğ°Ğ²ĞºĞ°,Russian Rock,Indie Rock,Alternative
ĞºĞ°Ñ‚ĞºĞ°,dlb,Russian Rock,Indie Rock,Alternative
Metric - Black Sheep,Scott Pilgrim Music,Indie Rock,Alternative,Soundtrack
Temperance,Occams Laser,Synthwave,Electronic,Chiptune
one!,lovelysharkplush,Lo-fi,Dream Pop,Indie
DJ ROZWELL - NONE OF THIS IS REAL [MOTHLAND],2k & aidan dookie archive,Electronic,Experimental,Indie
Broken,ORAX,Synthwave,Electronic,Chillwave
ÑĞ½Ğ¾ÑÑ‚ÑŒ | speed up,7oldat,Russian Rock,Post-Punk,Slowed
please be quiet,Sorry about my face,Indie Pop,Lo-fi,Dream Pop
Ğ›Ğ¡ĞŸ - ĞĞµ Ğ£Ğ±ĞµĞ¶Ğ°Ğ»,senpall,Russian Hip Hop,Trap,Alternative
Will Paquin - Satellite,Rise Against,Indie Rock,Alternative,Post-Punk
KILL EVERYBODY (BARE NOIZE REMIX),Skrillex,Dubstep,Bass,Electronic
KILL EVERYBODY,Skrillex,Dubstep,Bass,Electronic
Operate - Peaches,Andrea Marie,Electronic,Dance,House
Sound Witness System,AWOLNATION,Indie Rock,Alternative,Post-Grunge
Hesitation,Hot Flash Heat Wave,Indie Rock,Dream Pop,Alternative
ĞÑĞ¾Ğ·Ğ½Ğ°Ğ½Ğ¸Ğµ,ĞºĞ¾Ğ½ĞµÑ† ÑĞ¾Ğ»Ğ½ĞµÑ‡Ğ½Ñ‹Ñ… Ğ´Ğ½ĞµĞ¹,Russian Rock,Indie Rock,Post-Punk
Vanished - Crystal Castles,Caseyrisp4,Electronic,Noise,Experimental
Lost Kitten,Metric,Indie Rock,Alternative,Pop
Ğ¡Ñ‘Ñ€Ñ„ Ğ£Ğ²ÑƒĞ»Ğ°,lolly,Russian Rock,Post-Punk,Alternative
ĞŸĞµÑ€ĞµĞ¼Ğ¾Ñ‚ĞºĞ° â€“ ĞŸĞµÑ€Ğ²Ñ‹Ğ¹ ÑĞ½ĞµĞ³,driedflower,Russian Rock,Indie Rock,Alternative
Joy Division - Disorder,Forever Forgotten,Post-Punk,Alternative,Classic Rock
Ğ©ĞµĞ½ĞºĞ¸ â€“ Â«ĞŸĞ¾ ĞºÑ€ÑƒĞ³ÑƒÂ» (ĞĞ½ Ğ®Ğ½ mix),On Yun,Russian Rock,Indie Rock,Alternative
Ğ”ĞµÑ€ĞµĞ²Ğ¾ Ğ›ÑƒÑ‡ - 27 Ğ¡ĞµĞºÑƒĞ½Ğ´,Forstrim,Russian Rock,Indie Rock,Alternative
Ğ©ĞµĞ½ĞºĞ¸ - Whos Your Daddy,Felix Bondarev & RSAC,Russian Rock,Indie Rock,Alternative
Ğ³Ğ´Ğµ Ñ„Ğ°Ğ½Ñ‚Ğ¾Ğ¼? - ÑĞ¼Ğ¾Ñ‚Ñ€Ñ Ğ² Ğ³Ğ»Ğ°Ğ·Ğ°,42,Indie Rock,Post-Punk,Alternative
Ğ‘ÑƒĞµÑ€Ğ°Ğº - Ğ‘Ğ¾Ğ»ÑŒ,Nobody,Russian Rock,Post-Punk,Alternative
Cigarette For Us,The KickDrums,Indie Rock,Alternative,Garage Rock
Ğ“Ğ´Ğµ Ğ¤Ğ°Ğ½Ñ‚Ğ¾Ğ¼? - Ğ­Ñ‚Ğ¾ Ğ¢Ğ°Ğº ĞÑ€Ñ…Ğ°Ğ¸Ñ‡Ğ½Ğ¾,derevo,Indie Rock,Post-Punk,Alternative
Ğ‘ÑƒĞµÑ€Ğ°Ğº - ĞšĞ¾Ñ€ĞµĞ½ÑŒ Ğ˜Ğ¼Ğ±Ğ¸Ñ€Ñ,buerak,Russian Rock,Post-Punk,Alternative
phonon - polyriddim,phonon,Electronic,Experimental,Bass
Sleep,Slowdive,Shoegaze,Dream Pop,Indie Rock
Valasy,NÃ¼rnberg,Post-Punk,Indie Rock,Alternative
ĞĞµĞ±Ğ¾,SadSvit,Indie Rock,Dream Pop,Lo-fi
Ğ³Ğ¾Ñ‚Ğ¸ĞºĞ° Ğ¿Ğ°Ğ½ĞµĞ»ĞµĞº - ĞµĞ³Ğ¾Ñ€bez x Ñ„Ğ¸ĞºÑƒÑ Ğ³Ğ¾Ğ³ĞµĞ½Ğ°,bnhxbvt,Indie Rock,Post-Punk,Alternative
ĞµĞ³Ğ¾Ñ€bez - Ğ”Ğ¾-Ğ¢Ğ»Ğ°,sippi cup,Russian Rock,Indie Rock,Post-Punk
Ñ€ĞµĞ»Ğ°ĞºÑ,Ğ¿Ğ¾Ñ‚Ğ¾Ğ¼Ñƒ Ñ‡Ñ‚Ğ¾ Ñ Ğ¿Ğ°Ğ½Ğº,Indie Rock,Punk,Alternative
ĞœÑƒĞ·Ñ‹ĞºĞ° Ñ‡Ñ‚Ğ¾Ğ±Ñ‹ ÑƒÑ…Ğ°Ğ¶Ğ¸Ğ²Ğ°Ñ‚ÑŒ Ğ·Ğ° ÑĞ²Ğ¾Ğ¸Ğ¼ ĞĞš-47,Ğ¿Ğ¾Ñ‚Ğ¾Ğ¼Ñƒ Ñ‡Ñ‚Ğ¾ Ñ Ğ¿Ğ°Ğ½Ğº,Indie Rock,Punk,Alternative
Ğ‘ÑƒĞµÑ€Ğ°Ğº - ĞœĞµĞ´Ğ»ÑĞº,buerak,Russian Rock,Post-Punk,Alternative
Ğ›Ğ¸Ğ»Ğ¾Ğ²Ñ‹Ğµ Ñ‚ÑĞ»ÑŒĞ¿Ğ°Ğ½Ñ‹ - ĞŸĞ¾Ğ¶Ğ°Ğ»ÑƒĞ¹ÑÑ‚Ğ° Ñ‚Ğ¾Ğ»ÑŒĞºĞ¾ Ğ½Ğµ Ğ´Ğ¾Ğ¼Ğ¾Ğ¹,Ğ›Ğ¸Ğ»Ğ¾Ğ²Ñ‹Ğµ Ğ¢ÑĞ»ÑŒĞ¿Ğ°Ğ½Ñ‹,Russian Rock,Post-Punk,Alternative
into the astral plane,Nullset,Indie Rock,Dream Pop,Lo-fi
At Home,Sad radio on Cassini,Indie Rock,Dream Pop,Lo-fi
Ğ¢ĞµĞ±Ñ ĞĞµÑ‚,ssshhhiiittt!,Russian Rock,Indie Rock,Post-Punk
James Pants - Strange Girl,Stones Throw Records,Indie Pop,Electronic,Alternative
summer playlist,corn wave,Indie Rock,Alternative,Post-Punk
Ğ’Ğ¾Ğ·Ğ²Ñ€Ğ°Ñ‰Ğ°Ğ¸Ì†ÑÑ,angel vox,Russian Rock,Post-Punk,Indie
Ğ”ĞµĞ²Ğ¾Ñ‡ĞºĞ° - Ğ›ÑĞ´,ĞµĞ³Ğ¾Ñ€ Ğ½Ğ°Ñ‚Ñ,Russian Hip Hop,Alternative,Indie
Touched,Swap Babies,Indie Pop,Lo-fi,Dream Pop
ĞµĞ³Ğ¾Ñ€bez - Ğœ.Ğ¢.Ğ¤,bnhxbvt,Russian Rock,Indie Rock,Post-Punk
Ğ›ÑĞ±Ğ¾Ğ²ÑŒ,Ğ¡Ğ²Ğ¸Ğ´Ğ°Ğ½Ğ¸Ğµ,Indie Rock,Dream Pop,Lo-fi
Ğ£Ğ‘Ğ˜Ğ™Ğ¦Ğ« - NLB,Ğ£Ğ±Ğ¸Ğ¹Ñ†Ñ‹,Russian Rock,Post-Punk,Alternative
Destiny,Kiile,Electronic,Experimental,Indie
I Want To Fall In Love on Snapchat,Chris Zabriskie,Indie Pop,Lo-fi,Chillwave
Sidewalks and Skeletons & Brothel - Higher,Sidewalks and Skeletons & Brothel,Witch House,Electronic,Indie
Sidewalks And Skeletons & Catslash - Vices,Sidewalks And Skeletons & Catslash,Witch House,Electronic,Indie
ĞšĞ¾Ñ€ĞµĞ½ÑŒ Ğ¸Ğ¼Ğ±Ğ¸Ñ€Ñ,Ğ¿Ğ¾Ñ‚Ğ¾Ğ¼Ñƒ Ñ‡Ñ‚Ğ¾ Ñ Ğ¿Ğ°Ğ½Ğº,Russian Rock,Post-Punk,Alternative
Ocean Drive,MIAMI NIGHTS 1984,Synthwave,Electronic,Chillwave
baby my phone (prod. deko),Yameii Online,Hyperpop,Electronic,Pop
Moderat - A New Error,pasdewe,Electronic,Techno,IDM
ĞŸĞ°Ğ¿Ğ¸Ğ½ ĞĞ»Ğ¸Ğ¼Ğ¿Ğ¾Ñ - ĞÑ„Ğ¸Ñ†Ğ¸Ğ°Ğ½Ñ‚ĞºĞ°,Vsevolod Maslov,Russian Rock,Post-Punk,Alternative
Ñ„Ñ€Ğ¸Ğº Ğ¿Ğ°Ñ‚Ğ¸ Ğ²ÑĞµ Ñ‡Ñ‚Ğ¾ Ñ ÑƒĞ¼ĞµÑ,koenokatetsu,Russian Rock,Post-Punk,Alternative
Ğ’ÑÑ‘ Ğ² Ğ¿Ğ¾Ñ€ÑĞ´ĞºĞµ,DK,Russian Rock,Indie Rock,Post-Punk
Ğ¢Ñ‹ Ğ¼ĞµĞ½Ñ Ğ½Ğµ Ğ¸Ñ‰Ğ¸ (feat. Ğ’Ğ¸Ñ€ÑƒÑ),DK,Russian Rock,Indie Rock,Alternative
The Drums - I Dont Know How To Love,maria,Indie Rock,Alternative,Dream Pop
ĞĞ»Ñ‘Ğ½Ğ° Ğ¨Ğ²ĞµÑ† - Ğ¾Ğ»Ğ¸Ğ¼Ğ¿Ğ¾Ñ Â»,dayssago,Russian Pop,Alternative,Indie
Ğ½ĞµĞºÑÑÑˆĞ° - ĞĞ¹Ñ‚Ğ¸ÑˆĞ½Ğ¸Ğº,sharoeb,Russian Hip Hop,Trap,Alternative
ESCAPE2021,klimusik,Electronic,Indie,Experimental
Rojo,Sway,Hip Hop,Trap,Alternative
pa$$ the time - bronze (Agderius Remix),Agderius,Electronic,Indie,Experimental
deftones - please let me get what i want (slowed+reverb),æ„› ã¨ èŠ¸ è¡“,Slowed,Reverb,Indie
deftones â€¢ *+ be quiet and drive *+,â€¢ slowedstation â¦ â€¢,Indie Rock,Slowed,Alternative
gut feeling,TanmanG,Indie Rock,Alternative,Post-Punk
ğ”…ğ”¢ ğ”®ğ”²ğ”¦ğ”¢ğ”± ğ”ğ”«ğ”¡ ğ”¡ğ”¯ğ”¦ğ”³ğ”¢.,cock sucker,Indie Rock,Post-Punk,Alternative
Theory Of Everything,jman22227,Indie,Experimental,Ambient
winter mix.com/2016.2017,kedr_livanskiy,Electronic,Experimental,Ambient
ĞœĞ‘ ĞŸĞ°ĞºĞµÑ‚ - ĞĞ»Ğ¸ÑĞ° Ğ² Ğ¡Ñ‚Ñ€Ğ°Ğ½Ğµ,ĞœĞ¾Ğ¹ Ğ‘ÑƒĞ¼Ğ°Ğ¶Ğ½Ñ‹Ğ¹ ĞŸĞ°ĞºĞµÑ‚,Indie,Experimental,Electronic
Ğ”Ğ°Ğ½Ğ°Ñ,Ğ£Ğ±Ğ¸Ğ¹Ñ†Ñ‹,Russian Rock,Post-Punk,Alternative
ĞĞ¾Ğ¶Ğ¸ĞºĞ¸,Ğ£Ğ±Ğ¸Ğ¹Ñ†Ñ‹,Russian Rock,Post-Punk,Alternative
Ğ£Ğ‘Ğ˜Ğ™Ğ¦Ğ« CRYSTAL - Ğ“Ñ€Ğ¸Ğ²Ğ°Ñ‡Ğ¸,Ğ£Ğ‘Ğ˜Ğ™Ğ¦Ğ« CRYSTAL,Russian Rock,Post-Punk,Alternative
Decadent Dreams: Main Titles,Neon Vandal,Synthwave,Electronic,Chillwave
OMORI OST - 006 Let's Get Together Now!,:-Existentialcrisis-:,Soundtrack,Video Game Music,Instrumental
The Beatles - Eleanor Rigby,Bowl Of Chowda,Classic Rock,Pop,Psychedelic Rock
Gefradah - Cancertid,Fachmann,Indie Rock,Experimental,Alternative
ooes - Ğ¿Ğ¾ÑĞ»ĞµĞ´Ğ½ĞµĞµ Ğ»ĞµÑ‚Ğ¾,vitasik,Indie Rock,Post-Punk,Alternative
Subtle Sexuality - Male Prima Donna - The Office,3rtc,Indie,Pop,Alternative
Ğ”Ğ°Ğ¶Ğµ Ğ¼Ğ¾Ñ Ğ±ÑĞ¹Ğ±Ğ¸ Ğ½Ğµ Ğ·Ğ½Ğ°ĞµÑ‚,ĞŸĞĞ¨Ğ›ĞĞ¯ ĞœĞĞ›Ğ›Ğ˜,Russian Rock,Indie Rock,Punk
FacexHugger - The new batch,-ft-,Synthwave,Electronic,Chillwave
FacexHugger - Power Unleashed (Feat. Street Cleaner),-ft-,Synthwave,Electronic,Chillwave
ĞšĞ»ĞµĞ¾Ğ¿Ğ°Ñ‚Ñ€Ğ¸,ĞŸĞĞ¨Ğ›ĞĞ¯ ĞœĞĞ›Ğ›Ğ˜,Russian Rock,Punk,Alternative
So Fine & So Mine,DOGLAND,Indie Rock,Dream Pop,Lo-fi
Le Castle Vania â€“ Red Circle (LED Spirals & Shots Fired),marcelomed22,Electronic,House,Chillwave
Mushroom Rock,ã‘ï½ SURF,Indie Rock,Post-Punk,Alternative
Courtside/Swang Remix,Inner Wave,Indie Rock,Dream Pop,Alternative
1 4 2,Inner Wave,Indie Rock,Dream Pop,Alternative
PRACTICAL HEART by Bryan Aspey & Quantum Lovers,BORO,Indie Pop,Lo-fi,Dream Pop
ADVICE & VICES,CHELSEA WOLFE,Indie Rock,Gothic Rock,Alternative
Pixies - Ana,damasound,Indie Rock,Post-Punk,Alternative
Stand Tall,Dirty Heads,Indie Rock,Alternative,Lo-fi
Horcrux,FELO SKURT,Indie Rock,Post-Punk,Alternative
Lost My Mind,Sun Era,Indie Pop,Lo-fi,Dream Pop
Kid,Sun Era,Indie Pop,Lo-fi,Dream Pop
unusual breakcore mix,rÃ©mi,Breakcore,Electronic,Indie
CHERRY WAVES - DEFTONES (sped up),gaby,Indie Rock,Sped Up,Alternative
SENSE,SEXKILLA,Electronic,Indie,Experimental
Yahochupikachu - Ñ€Ğ°ÑˆĞ°Ñ‚ÑƒĞ´ĞµĞ¹,No name No life,Hip Hop,Trap,Alternative
Ğ£Ğ±Ğ¸Ğ¹Ñ†Ñ‹ Crystal - Home Video,Sergey Karpenko,Russian Rock,Post-Punk,Alternative
Yahochupikachu - Ğ¿Ğ¾ĞºĞ°ÑÑÑŒ,eniziz,Hip Hop,Trap,Alternative
Thnkn [Feat. Rav] (Prod. miraa.),Kill Bill: The Rapper,Hip Hop,Alternative,Rap
The Duel,Volkor X,Synthwave,Electronic,Chillwave
WPCWE X ĞŸĞĞ¨Ğ Ğ¢Ğ•Ğ¥ĞĞ˜Ğš - Ğ£Ğ›Ğ˜Ğ¦ĞĞ¡Ğ¡Ğ¡ĞĞ›ĞĞ¡Ğ¬,Vl.K,Russian Hip Hop,Trap,Alternative
WPCWE x ĞŸĞĞ¨Ğ Ğ¢Ğ•Ğ¥ĞĞ˜Ğš - Ğ¢Ğ²Ğ¾Ñ Ğ¼Ğ°Ğ¼Ğ° ĞµĞ±Ğ°Ğ»Ğ°ÑÑŒ Ñ Ñ‚Ğ°Ñ‚Ğ°Ñ€Ğ¾Ğ¼,Constantin Dekhnich,Russian Hip Hop,Trap,Alternative
Weezer - Say It Aint So,Duda Castro,Indie Rock,Alternative,Garage Rock
M83 - Outro,Nikolya Che,Electronic,Indie,Ambient
WPCWE - Ğ­Ğ¢Ğ ĞĞ• Ğ˜Ğ¡ĞšĞ£Ğ¡Ğ¡Ğ¢Ğ’Ğ,webkey,Russian Rock,Indie Rock,Alternative
WPCWE: ĞŸĞ¾Ğ´Ñ€ÑƒĞ¶ĞºĞ¸-Ğ½Ğ°Ñ€ĞºĞ¾Ğ¼Ğ°Ğ½ĞºĞ¸ //grechka,kĞ¸+a,Russian Rock,Post-Punk,Alternative
PPK - Resurection (Space Club Mix),Smeltepunkt,Electronic,House,Techno
Martin Solveig & Dragonette - Hello,Dragonette,Electronic,Pop,Dance
Dan Terminus - Restless Destroyer,Dan Terminus,Synthwave,Electronic,Chillwave
Dan Terminus - The Wrath Of Code (feat. Perturbator),Dan Terminus,Synthwave,Electronic,Chillwave
Buddy Holly - Weezer,HappyHourband,Indie Rock,Alternative,Post-Grunge
Ğ‘Ğ¸-2 - ĞšĞ¾Ğ¼Ğ¿Ñ€Ğ¾Ğ¼Ğ¸ÑÑ,Julia & Winston,Russian Rock,Post-Punk,Alternative
Feel Good Inc.,Everything Gorillaz - P2,Alternative Rock,Indie Rock,Electronic
Ğ‘Ğ¸-2 - ĞœĞ¾Ğ»Ğ¸Ñ‚Ğ²Ğ°,Nelsaz,Russian Rock,Post-Punk,Alternative
Stylo,Everything Gorillaz - P3,Alternative Rock,Indie Rock,Electronic
Gorillaz - DoYaThing (Full Version),PlatinumLights,Alternative Rock,Indie Rock,Electronic
Archive - Bullets,Dead City Blues,Indie Rock,Alternative,Experimental
Porter Robinson & Madeon - Shelter,Porter Robinson,Electronic,House,Indie
Illenium & Porter Robinson (Where'd You Go vs. Divinity),Illenium & Porter Robinson,Electronic,House,Indie
Kedr Livanskiy - 2MR Transmission @ The Lot Radio July 25th 2018,Nikolya Che,Electronic,Indie,Ambient
Wpcwe - you is mine,kkkar78,Indie Rock,Post-Punk,Alternative
Brooklyn (feat. TumaniYO),Miyagi & Andy Panda,Russian Hip Hop,Trap,Alternative
Undaground Enemy (DJ AKOZA EDIT),MC Holocaust,Hip Hop,Trap,Alternative
Avril 14th,void_asterisk,Indie,Experimental,Ambient
Ğ¨ĞºĞ¾Ğ»Ğ° Ğ½Ğµ Ğ½ÑƒĞ¶Ğ½Ğ°,ĞŸĞĞ¨Ğ›ĞĞ¯ ĞœĞĞ›Ğ›Ğ˜,Russian Rock,Indie Rock,Punk
hang in there,LovelySharkPlush,Lo-fi,Chillwave,Indie
sm chilling sht,void_asterisk,Indie,Chillwave,Lo-fi
ElyOtto - SUGARCRASH!! (breakcore edit),LovelySharkPlush,Breakcore,Electronic,Experimental
Crayon,feonao,Indie Pop,Lo-fi,Dream Pop
OMORI OST - 005 By Your Side.,:-Existentialcrisis-:,Soundtrack,Video Game Music,Instrumental
OMORI OST - 043 Finding Shapes In The Clouds,Cipo,Soundtrack,Video Game Music,Instrumental
OMORI OST - 040 You Were Wrong. Go Back.,Cipo,Soundtrack,Video Game Music,Instrumental
OMORI OST - 036 CHAOS ASSEMBLY,Cipo,Soundtrack,Video Game Music,Instrumental
wpcwe_napuganniy Ğ½Ğ°Ğ¿ÑƒĞ³Ğ°Ğ½Ğ½Ñ‹Ğ¹,kkkar78,Russian Rock,Post-Punk,Alternative
Preoccupied,FERNGAZER,Indie Rock,Post-Punk,Alternative
spaces inbetween (sharky edit),LovelySharkPlush,Lo-fi,Chillwave,Dream Pop
It's Not A Choice Kid,o.d. unknown,Indie Rock,Dream Pop,Lo-fi
DOPE,SEXKILLA,Indie,Experimental,Electronic
NOT OVER,SEXKILLA,Indie,Experimental,Electronic
snowdrift,Xxtarlitâš¸,Indie Pop,Dream Pop,Lo-fi
ĞĞ½Ğ´Ñ€ĞµĞ¹,Ğ£Ğ±Ğ¸Ğ¹Ñ†Ñ‹,Russian Rock,Post-Punk,Alternative
Ğ£Ğ±Ğ¸Ğ¹Ñ†Ñ‹ - ĞŸĞ¸Ğ½Ğ³-Ğ¿Ğ¾Ğ½Ğ³,alicekinski,Russian Rock,Post-Punk,Alternative
DenDerty - ĞšĞ¸ÑĞ»Ğ¾Ñ‚Ğ°,Iggy Sharkov,Russian Rock,Post-Punk,Alternative
ĞºĞ°Ğº ĞšĞ¸Ğ°Ğ½Ñƒ,Ğ²ĞµÑ€Ñ‚ÑƒÑˆĞºĞ° Ğ³Ğ°Ğ·Ğ¼Ğ°Ğ½Ğ¾Ğ²Ğ°,Russian Rock,Post-Punk,Alternative
Youhate - ĞœĞ¾Ğ»Ğ¾Ğ´Ğ¾Ğ¹ Ğ˜ ĞŸÑŒÑĞ½Ñ‹Ğ¹,ÑĞ½Ğ°Ğ¼Ğ¸ ÑÑ‚Ğ¾ Ğ±Ñ‹Ğ»Ğ¾ Ñ Ğ½Ğ°Ğ¼Ğ¸,Russian Rock,Indie Rock,Alternative
Ğ£Ğ‘Ğ˜Ğ™Ğ¦Ğ« - Ğ”Ğ²Ğ° Ğ˜ĞºÑĞ°,Iam Igor,Russian Rock,Post-Punk,Alternative
J R Y X 4ERNOBURKV - Speed,stefie322,Indie Rock,Post-Punk,Alternative
12 Ñ…Ñ€Ğ¸Ğ·Ğ°Ğ½Ñ‚ĞµĞ¼,Ğ¾Ñ‚sÑ‚Ğ°Ğ½ÑŒ,Russian Rock,Indie Rock,Alternative
Ğ£Ğ‘Ğ˜Ğ™Ğ¦Ğ« CRYSTAL [Ğ’Ğ¸ĞºĞ° Ğ§ĞµÑ…Ğ¾Ğ²Ğ°] - ĞšÑ‚Ğ¾ Ñ?,mlrd,Russian Rock,Post-Punk,Alternative
Wpcwe â€“ prelude 1.2,wpcwe1,Indie Rock,Post-Punk,Alternative
Snow,LovelySharkPlush,Lo-fi,Dream Pop,Indie
Cozy,LovelySharkPlush,Lo-fi,Dream Pop,Indie
anything new,LovelySharkPlush,Lo-fi,Dream Pop,Indie
a better way,LovelySharkPlush,Lo-fi,Dream Pop,Indie
i got my soul back,LovelySharkPlush,Lo-fi,Dream Pop,Indie
it was nice to talk to you again,LovelySharkPlush,Lo-fi,Dream Pop,Indie
can we be friends?,LovelySharkPlush,Lo-fi,Dream Pop,Indie
think of something nice,LovelySharkPlush,Lo-fi,Dream Pop,Indie
home alone,LovelySharkPlush,Lo-fi,Dream Pop,Indie
lonely,LovelySharkPlush,Lo-fi,Dream Pop,Indie
Track no. 20,LovelySharkPlush,Lo-fi,Dream Pop,Indie
things that never happened [lofi hiphop],LovelySharkPlush,Lo-fi,Dream Pop,Indie
moving on [lofi hip hop],LovelySharkPlush,Lo-fi,Dream Pop,Indie
i cant do anything about it [lofi hip hop],LovelySharkPlush,Lo-fi,Dream Pop,Indie
you know me,LovelySharkPlush,Lo-fi,Dream Pop,Indie
Maxzeroth-technoblock(cĞ¿Ñ–Ğ¹Ğ¼Ğ°Ğ¹ ĞºĞ°Ñ€Ğ°ÑÑ),maxzeroth_01,Electronic,Experimental,Indie
wpcwe - whats is not (original),kkkar78,Indie Rock,Post-Punk,Alternative
wpcwe_'olkyghfdsfgchkjl;' â€“ kenrb;so,wpcwe1,Indie Rock,Post-Punk,Alternative
Tonight,LovelySharkPlush,Lo-fi,Dream Pop,Indie